[{"model": "user_sessions.session", "pk": "21ydn15vi3rso317bj0kl03dl2lirfg6", "fields": {"session_data": "e30:1p8FEP:AVgESpCqlf3E1tEc6veoeNEiStqr7xVHoI3aCTrxgko", "expire_date": "2023-01-05T06:39:05.785Z", "user": null, "user_agent": "Mozilla/5.0 (X11; Linux x86_64) AppleWebKit/537.36 (KHTML, like Gecko) Chrome/107.0.0.0 Safari/537.36", "last_activity": "2022-12-22T06:39:05.787Z", "ip": "111.92.45.173"}}, {"model": "user_sessions.session", "pk": "5i50vy0wuoean9uupuqmuar22q312ffe", "fields": {"session_data": ".eJxVzDEPgjAQhuH_0tk0TUvpnaOrYTLOzfWuFdRAQmEy_nclYdD5eb_vpSKtSx_Xmuc4iDqq6-VsLHqrDr-UiB953FzuNN4mzdO4zEPSW6J3rbqbJD9Pe_t30FPtv2tIaFspnlMJXADYU2lQCrggIOjIk0dvMlqLHKikjA6IODUtBmNAvT9N_TpU:1pAAD5:GKK3jvQdAMh_ZnT0E6OqAk2aHD-ElwVXjr5gdc7oui0", "expire_date": "2023-01-10T13:41:39.411Z", "user": "USK02952", "user_agent": "Mozilla/5.0 (Windows NT 6.1; Win64; x64) AppleWebKit/537.36 (KHTML, like Gecko) Chrome/108.0.0.0 Safari/537.36", "last_activity": "2022-12-27T13:41:39.411Z", "ip": "171.49.177.165"}}, {"model": "user_sessions.session", "pk": "8elrsj3eqbmcvucfi6o9ipsz4qhqbkm2", "fields": {"session_data": ".eJxVjLEOgjAYhN-ls2laaGl_R1fjZJybo38VlJSEwmR8dyFh0O0u33f3FgHL3IWlpCn0LI7idj0rZ8mKwy9qEV8pb5yfyI9RxjHPU9_KTZE7LfIychpOu_t30KF065pMXRt4cMUqOWiQ5gaRoifdVNSAW-Xho62cNlQnhXtii7Vt0Wnx-QIp6jnD:1pAnvY:fXMWE_gG4-7hrBeNaAMGXP_dzk6VJ6Hzo0UaxPtmZNE", "expire_date": "2023-01-12T08:06:12.117Z", "user": "USK07595", "user_agent": "Mozilla/5.0 (Windows NT 10.0; Win64; x64) AppleWebKit/537.36 (KHTML, like Gecko) Chrome/108.0.0.0 Safari/537.36", "last_activity": "2022-12-29T08:06:12.117Z", "ip": "223.190.205.227"}}, {"model": "user_sessions.session", "pk": "9dppxn2xop3tgfb89id4asbdcb2e50fm", "fields": {"session_data": ".eJxVzD0PwiAUheH_wmwIUD4dXY2TcSb3wsVWDU1KOxn_uyHpoPPznvNmEbZ1jFujJU6ZHdntehZBS8cOv4SQnlS75wfU-8zTXNdlQt4TvmvjlznT67S3fwcjtLGvBWpjfcAA0lvlFengMOUsHGgDqQglB0XoSwpmICAoSijUAuSgs3Xs8wUm-jm5:1pAoYs:de0VSYEsSbVULrHE-5ZxEBGqkjBn99z_xGmjpxbyrKg", "expire_date": "2023-01-12T08:46:50.219Z", "user": "USK09417", "user_agent": "Mozilla/5.0 (Linux; Android 12; M2007J3SI) AppleWebKit/537.36 (KHTML, like Gecko) Chrome/108.0.0.0 Mobile Safari/537.36", "last_activity": "2022-12-29T08:46:50.220Z", "ip": "223.190.205.227"}}, {"model": "user_sessions.session", "pk": "a7iqb9mve25xuxiuodvuh9e8d4xya27z", "fields": {"session_data": ".eJxVzD0PwiAUheH_wmwIUD4dXY2TcSb3wsVWDU1KOxn_uyHpoPPznvNmEbZ1jFujJU6ZHdntehZBS8cOv4SQnlS75wfU-8zTXNdlQt4TvmvjlznT67S3fwcjtLGvBWpjfcAA0lvlFengMOUsHGgDqQglB0XoSwpmICAoSijUAuSgs3Xs8wUm-jm5:1pAQNX:DZ0Jl9fGb5gjTp8AhIacSUHkQ0jSZ19zF9ycKeqen9E", "expire_date": "2023-01-11T06:57:31.914Z", "user": "USK09417", "user_agent": "Mozilla/5.0 (Windows NT 10.0; Win64; x64) AppleWebKit/537.36 (KHTML, like Gecko) Chrome/108.0.0.0 Safari/537.36", "last_activity": "2022-12-28T06:57:31.915Z", "ip": "110.225.145.174"}}, {"model": "user_sessions.session", "pk": "d72xxqeug1aylhdjy3da6tk1os2qxbt3", "fields": {"session_data": ".eJxVzLsOwjAMheF3yYyimsYyZmRFnRBz5dgJKaBW6mVCvDtU6gDz95_zcq0sc2mXKY1tZ-7orpdzBQjkdr8URR-pX93u0t8Gr0M_j130a-I3nXwzWHqetvbvoMhUvmvIQCIqdcVqSZmYg1E0rAH2QMqglBDxEBOGXAtajsKoHJAJA7r3BzK0Oag:1pAW9Q:kfZKZaecD-q69LDlyDHBo2cTJTajLVlqvRzRLLZO1sY", "expire_date": "2023-01-11T13:07:20.221Z", "user": "USK01517", "user_agent": "Mozilla/5.0 (Windows NT 10.0; Win64; x64) AppleWebKit/537.36 (KHTML, like Gecko) Chrome/108.0.0.0 Safari/537.36", "last_activity": "2022-12-28T13:07:20.221Z", "ip": "110.225.145.174"}}, {"model": "user_sessions.session", "pk": "ekakmfped54n2ucw1zmbg68q1tuucu4x", "fields": {"session_data": ".eJxVzD0PgjAUheH_0tk0t_QD6uhqnIwzub23WNS0CYXJ-N-FhEHn5z3nLXpc5tQvNU79yOIobtczWGedOPxSQHrGvDk_MN-LpJLnaQxyS-SuVV4Kx9dpb_8OEta0rh14zw1YIsXgCGOgAbziYG2EBpTyrQVN2ndkCIzp0K0ELRgyrAcUny8Z_jkc:1pAqMS:ZXelcgkxMJRyzYO-0pawptNrRlO6JaX9FevnMDDhzNw", "expire_date": "2023-01-12T10:42:08.098Z", "user": "USK05656", "user_agent": "Mozilla/5.0 (Windows NT 10.0; Win64; x64) AppleWebKit/537.36 (KHTML, like Gecko) Chrome/108.0.0.0 Safari/537.36", "last_activity": "2022-12-29T10:42:08.099Z", "ip": "27.63.228.125"}}, {"model": "user_sessions.session", "pk": "ltrzplk1nwmzm3ojzmhq7dt3gpd7jik1", "fields": {"session_data": ".eJxVzLsOwjAMheF3yYyimsYyZmRFnRBz5dgJKaBW6mVCvDtU6gDz95_zcq0sc2mXKY1tZ-7orpdzBQjkdr8URR-pX93u0t8Gr0M_j130a-I3nXwzWHqetvbvoMhUvmvIQCIqdcVqSZmYg1E0rAH2QMqglBDxEBOGXAtajsKoHJAJA7r3BzK0Oag:1p9lb8:sTe-bGLAvF1sp-WtHYvFCqjuOrY2ByvZRYBzu3I-x_Y", "expire_date": "2023-01-09T11:24:50.919Z", "user": "USK01517", "user_agent": "Mozilla/5.0 (Windows NT 10.0; Win64; x64) AppleWebKit/537.36 (KHTML, like Gecko) Chrome/108.0.0.0 Safari/537.36", "last_activity": "2022-12-26T11:24:50.919Z", "ip": "223.239.7.104"}}, {"model": "user_sessions.session", "pk": "rwdoicsyxsylvjfg3ahh9lux5hsp4pmo", "fields": {"session_data": "e30:1p9p6r:_qYnrJhSuMRQeRD_YqlqMb06KAaNaKaN-VugZXbOvDs", "expire_date": "2023-01-09T15:09:49.564Z", "user": null, "user_agent": "Mozilla/5.0 (Windows NT 10.0; Win64; x64) AppleWebKit/537.36 (KHTML, like Gecko) Chrome/108.0.0.0 Safari/537.36", "last_activity": "2022-12-26T15:09:49.565Z", "ip": "171.49.176.33"}}, {"model": "user_sessions.session", "pk": "tyb9gcs11bn4sdxn13fvrhm6kf170bh8", "fields": {"session_data": ".eJxVjLEOgjAYhN-ls2laaGl_R1fjZJybo38VlJSEwmR8dyFh0O0u33f3FgHL3IWlpCn0LI7idj0rZ8mKwy9qEV8pb5yfyI9RxjHPU9_KTZE7LfIychpOu_t30KF065pMXRt4cMUqOWiQ5gaRoifdVNSAW-Xho62cNlQnhXtii7Vt0Wnx-QIp6jnD:1pAp34:5aGDbh0etPeDqjy89saROUL-bUjFwFIurgOT_DUpLmc", "expire_date": "2023-01-12T09:18:02.894Z", "user": "USK07595", "user_agent": "Mozilla/5.0 (X11; Linux x86_64) AppleWebKit/537.36 (KHTML, like Gecko) Chrome/107.0.0.0 Safari/537.36", "last_activity": "2022-12-29T09:18:02.894Z", "ip": "103.42.196.24"}}, {"model": "user_sessions.session", "pk": "w07cwnguaxri3id67dxv0ndw0n87c2mx", "fields": {"session_data": ".eJxVzD0PwiAUheH_wmwIUD4dXY2TcSb3wsVWDU1KOxn_uyHpoPPznvNmEbZ1jFujJU6ZHdntehZBS8cOv4SQnlS75wfU-8zTXNdlQt4TvmvjlznT67S3fwcjtLGvBWpjfcAA0lvlFengMOUsHGgDqQglB0XoSwpmICAoSijUAuSgs3Xs8wUm-jm5:1pAozF:jKzvN2YOw0h6KOkAZ3iamuAHBG5RttumoQHPmHU6xwY", "expire_date": "2023-01-12T09:14:05.983Z", "user": "USK09417", "user_agent": "Mozilla/5.0 (Windows NT 10.0; Win64; x64) AppleWebKit/537.36 (KHTML, like Gecko) Chrome/108.0.0.0 Safari/537.36", "last_activity": "2022-12-29T09:14:05.983Z", "ip": "223.190.205.227"}}, {"model": "user_sessions.session", "pk": "wu0yq0gcyaens2zk3lspjzdh3e553d7q", "fields": {"session_data": ".eJxVzD0PgjAUheH_0tk0t_QD6uhqnIwzub23WNS0CYXJ-N-FhEHn5z3nLXpc5tQvNU79yOIobtczWGedOPxSQHrGvDk_MN-LpJLnaQxyS-SuVV4Kx9dpb_8OEta0rh14zw1YIsXgCGOgAbziYG2EBpTyrQVN2ndkCIzp0K0ELRgyrAcUny8Z_jkc:1pApNH:VCXxFG3K1UHzmh8wsHJwWWNVOLyshCd44OZjwAAUw9g", "expire_date": "2023-01-12T09:38:55.649Z", "user": "USK05656", "user_agent": "Mozilla/5.0 (Windows NT 10.0; Win64; x64) AppleWebKit/537.36 (KHTML, like Gecko) Chrome/108.0.0.0 Safari/537.36", "last_activity": "2022-12-29T09:38:55.649Z", "ip": "49.15.86.203"}}, {"model": "user_sessions.session", "pk": "x3455mg4swa2ykqfwd9qrn5smf0ecsxl", "fields": {"session_data": ".eJxVzLsOwjAMheF3yYyimsYyZmRFnRBz5dgJKaBW6mVCvDtU6gDz95_zcq0sc2mXKY1tZ-7orpdzBQjkdr8URR-pX93u0t8Gr0M_j130a-I3nXwzWHqetvbvoMhUvmvIQCIqdcVqSZmYg1E0rAH2QMqglBDxEBOGXAtajsKoHJAJA7r3BzK0Oag:1pAAtu:woSchGxRo8V1A1nIG7jjffp2lxuVrq1xJGINaVVjE3M", "expire_date": "2023-01-10T14:25:54.388Z", "user": "USK01517", "user_agent": "Mozilla/5.0 (Windows NT 10.0; Win64; x64) AppleWebKit/537.36 (KHTML, like Gecko) Chrome/108.0.0.0 Safari/537.36", "last_activity": "2022-12-27T14:25:54.388Z", "ip": "171.49.177.165"}}, {"model": "user_sessions.session", "pk": "x8z2wu49vjigqfekirgrh1claq1g5fo9", "fields": {"session_data": "e30:1pAW23:CDUQNoFS2M66ztBHhGJ-EE0ozxUcb71HbhjATd7vHvM", "expire_date": "2023-01-11T12:59:43.643Z", "user": null, "user_agent": "Mozilla/5.0 (Windows NT 10.0; Win64; x64) AppleWebKit/537.36 (KHTML, like Gecko) Chrome/108.0.0.0 Safari/537.36", "last_activity": "2022-12-28T12:59:43.645Z", "ip": "110.225.145.174"}}, {"model": "user_sessions.session", "pk": "y1wvdzjsklearb0065gna9wmwq9c3fcr", "fields": {"session_data": ".eJxVzD0PgjAUheH_0tk0t_QD6uhqnIwzub23WNS0CYXJ-N-FhEHn5z3nLXpc5tQvNU79yOIobtczWGedOPxSQHrGvDk_MN-LpJLnaQxyS-SuVV4Kx9dpb_8OEta0rh14zw1YIsXgCGOgAbziYG2EBpTyrQVN2ndkCIzp0K0ELRgyrAcUny8Z_jkc:1pApuC:OeyvDAEN8BB13jK62_ABfeAQ27XqERNbN_iC_e4EgOs", "expire_date": "2023-01-12T10:12:56.783Z", "user": "USK05656", "user_agent": "Mozilla/5.0 (Windows NT 6.1; Win64; x64) AppleWebKit/537.36 (KHTML, like Gecko) Chrome/108.0.0.0 Safari/537.36", "last_activity": "2022-12-29T10:12:56.783Z", "ip": "223.190.205.227"}}, {"model": "web.order", "pk": 1, "fields": {"user": "USK07595", "amount": 1.0, "status": "Pending", "types": "1", "provider_order_id": "order_KurQqfsOd4dgqm", "payment_id": null, "signature_id": null, "created_at": "2022-12-22T06:42:27.584Z"}}, {"model": "web.order", "pk": 2, "fields": {"user": "USK05656", "amount": 1.0, "status": "Pending", "types": "1", "provider_order_id": "order_KusBzZw4btQ2Zu", "payment_id": null, "signature_id": null, "created_at": "2022-12-22T07:27:05.351Z"}}, {"model": "web.order", "pk": 3, "fields": {"user": "USK05656", "amount": 1.0, "status": "Pending", "types": "1", "provider_order_id": "order_KusCJs2IXBgyPz", "payment_id": null, "signature_id": null, "created_at": "2022-12-22T07:27:23.962Z"}}, {"model": "web.order", "pk": 4, "fields": {"user": "USK05656", "amount": 1.0, "status": "Pending", "types": "1", "provider_order_id": "order_KusCTXT7pO7cPw", "payment_id": null, "signature_id": null, "created_at": "2022-12-22T07:27:32.786Z"}}, {"model": "web.order", "pk": 5, "fields": {"user": "USK05656", "amount": 1.0, "status": "Pending", "types": "1", "provider_order_id": "order_KusCqXpq12cWiw", "payment_id": null, "signature_id": null, "created_at": "2022-12-22T07:27:53.858Z"}}, {"model": "web.order", "pk": 6, "fields": {"user": "USK05656", "amount": 1.0, "status": "Pending", "types": "1", "provider_order_id": "order_KusDFFtcGCzyZp", "payment_id": null, "signature_id": null, "created_at": "2022-12-22T07:28:16.498Z"}}, {"model": "web.order", "pk": 7, "fields": {"user": "USK05494", "amount": 1.0, "status": "Pending", "types": "1", "provider_order_id": "order_KusHtnMEME4Dwm", "payment_id": null, "signature_id": null, "created_at": "2022-12-22T07:32:40.866Z"}}, {"model": "web.order", "pk": 8, "fields": {"user": "USK05494", "amount": 1.0, "status": "Pending", "types": "1", "provider_order_id": "order_KusIDbnC3AfKFd", "payment_id": null, "signature_id": null, "created_at": "2022-12-22T07:32:58.988Z"}}, {"model": "web.order", "pk": 9, "fields": {"user": "USK05494", "amount": 1.0, "status": "Pending", "types": "1", "provider_order_id": "order_KusIOKEHSW86Cl", "payment_id": null, "signature_id": null, "created_at": "2022-12-22T07:33:08.826Z"}}, {"model": "web.order", "pk": 10, "fields": {"user": "USK05494", "amount": 1.0, "status": "Pending", "types": "1", "provider_order_id": "order_KusgQWxbQKWY4h", "payment_id": null, "signature_id": null, "created_at": "2022-12-22T07:55:54.029Z"}}, {"model": "web.order", "pk": 11, "fields": {"user": "USK05494", "amount": 1.0, "status": "Pending", "types": "1", "provider_order_id": "order_KusgYoI853L1y6", "payment_id": null, "signature_id": null, "created_at": "2022-12-22T07:56:01.654Z"}}, {"model": "web.order", "pk": 12, "fields": {"user": "USK05494", "amount": 1.0, "status": "Pending", "types": "1", "provider_order_id": "order_KusyzyzsT1Fvsl", "payment_id": null, "signature_id": null, "created_at": "2022-12-22T08:13:28.950Z"}}, {"model": "web.order", "pk": 13, "fields": {"user": "USK05494", "amount": 1.0, "status": "Pending", "types": "1", "provider_order_id": "order_KutD3FcvmurYYu", "payment_id": null, "signature_id": null, "created_at": "2022-12-22T08:26:47.112Z"}}, {"model": "web.order", "pk": 14, "fields": {"user": "USK05494", "amount": 1.0, "status": "Pending", "types": "1", "provider_order_id": "order_KutDGaTQEJ3tVe", "payment_id": null, "signature_id": null, "created_at": "2022-12-22T08:26:59.336Z"}}, {"model": "web.order", "pk": 15, "fields": {"user": "USK05494", "amount": 1.0, "status": "Pending", "types": "1", "provider_order_id": "order_Kutqe3xIz0FB8j", "payment_id": null, "signature_id": null, "created_at": "2022-12-22T09:04:16.047Z"}}, {"model": "web.order", "pk": 16, "fields": {"user": "USK05656", "amount": 1.0, "status": "Pending", "types": "1", "provider_order_id": "order_Kuu7rDOohvCUVG", "payment_id": null, "signature_id": null, "created_at": "2022-12-22T09:20:33.727Z"}}, {"model": "web.order", "pk": 17, "fields": {"user": "USK05494", "amount": 1.0, "status": "Pending", "types": "1", "provider_order_id": "order_KvE6wBnSw7j41B", "payment_id": null, "signature_id": null, "created_at": "2022-12-23T04:53:33.745Z"}}, {"model": "web.order", "pk": 18, "fields": {"user": "USK05656", "amount": 1.0, "status": "Pending", "types": "1", "provider_order_id": "order_KvEW0S7vh3OLHs", "payment_id": null, "signature_id": null, "created_at": "2022-12-23T05:17:17.671Z"}}, {"model": "web.order", "pk": 19, "fields": {"user": "USK05656", "amount": 1.0, "status": "Pending", "types": "1", "provider_order_id": "order_KvKFqEiqzbvjFF", "payment_id": null, "signature_id": null, "created_at": "2022-12-23T10:54:09.194Z"}}, {"model": "web.order", "pk": 20, "fields": {"user": "USK05656", "amount": 1.0, "status": "Pending", "types": "1", "provider_order_id": "order_KvKj4I7h7aNQ6J", "payment_id": null, "signature_id": null, "created_at": "2022-12-23T11:21:49.263Z"}}, {"model": "web.order", "pk": 21, "fields": {"user": "USK05656", "amount": 1.0, "status": "Pending", "types": "1", "provider_order_id": "order_KvKjAExu0jfIes", "payment_id": null, "signature_id": null, "created_at": "2022-12-23T11:21:54.707Z"}}, {"model": "web.order", "pk": 22, "fields": {"user": "USK05656", "amount": 1.0, "status": "Pending", "types": "1", "provider_order_id": "order_KvKjGCbYBYQM6C", "payment_id": null, "signature_id": null, "created_at": "2022-12-23T11:22:00.176Z"}}, {"model": "web.order", "pk": 23, "fields": {"user": "USK05656", "amount": 1.0, "status": "Pending", "types": "1", "provider_order_id": "order_KvNGGBLDAQYjI1", "payment_id": null, "signature_id": null, "created_at": "2022-12-23T13:50:37.800Z"}}, {"model": "web.order", "pk": 24, "fields": {"user": "USK05494", "amount": 1.0, "status": "Pending", "types": "1", "provider_order_id": "order_KvObxwsL09PlW4", "payment_id": null, "signature_id": null, "created_at": "2022-12-23T15:09:52.335Z"}}, {"model": "web.order", "pk": 25, "fields": {"user": "USK05494", "amount": 1.0, "status": "Pending", "types": "1", "provider_order_id": "order_KvOc5tyJGeMvDK", "payment_id": null, "signature_id": null, "created_at": "2022-12-23T15:09:59.630Z"}}, {"model": "web.order", "pk": 26, "fields": {"user": "USK05494", "amount": 1.0, "status": "Pending", "types": "1", "provider_order_id": "order_KvcJgPCjxqxp8T", "payment_id": null, "signature_id": null, "created_at": "2022-12-24T04:34:16.436Z"}}, {"model": "web.order", "pk": 27, "fields": {"user": "USK05494", "amount": 1.0, "status": "Pending", "types": "", "provider_order_id": "order_KveZ1YM7puYyO0", "payment_id": null, "signature_id": null, "created_at": "2022-12-24T06:46:11.049Z"}}, {"model": "web.order", "pk": 28, "fields": {"user": "USK07595", "amount": 1.0, "status": "Pending", "types": "", "provider_order_id": "order_KveZWxYNpOPC3X", "payment_id": null, "signature_id": null, "created_at": "2022-12-24T06:46:39.807Z"}}, {"model": "web.order", "pk": 29, "fields": {"user": "USK07595", "amount": 1.0, "status": "Pending", "types": "", "provider_order_id": "order_KvefRpyKyg1MwQ", "payment_id": null, "signature_id": null, "created_at": "2022-12-24T06:52:15.936Z"}}, {"model": "web.order", "pk": 30, "fields": {"user": "USK07595", "amount": 1.0, "status": "Pending", "types": "", "provider_order_id": "order_KvevJc8CdEZbqh", "payment_id": null, "signature_id": null, "created_at": "2022-12-24T07:07:17.189Z"}}, {"model": "web.order", "pk": 31, "fields": {"user": "USK07595", "amount": 1.0, "status": "Pending", "types": "", "provider_order_id": "order_KveyOhwZ1cJ6fP", "payment_id": null, "signature_id": null, "created_at": "2022-12-24T07:10:12.279Z"}}, {"model": "web.order", "pk": 32, "fields": {"user": "USK07595", "amount": 1.0, "status": "Pending", "types": "", "provider_order_id": "order_Kvf0iIiEXa7L9w", "payment_id": null, "signature_id": null, "created_at": "2022-12-24T07:12:23.822Z"}}, {"model": "web.order", "pk": 33, "fields": {"user": "USK07595", "amount": 1.0, "status": "Pending", "types": "", "provider_order_id": "order_KvhXBLfeAbdFo1", "payment_id": null, "signature_id": null, "created_at": "2022-12-24T09:40:31.289Z"}}, {"model": "web.order", "pk": 34, "fields": {"user": "USK07595", "amount": 1.0, "status": "Pending", "types": "", "provider_order_id": "order_KvhXs5THD0hT8J", "payment_id": null, "signature_id": null, "created_at": "2022-12-24T09:41:10.429Z"}}, {"model": "web.order", "pk": 35, "fields": {"user": "USK07595", "amount": 1.0, "status": "Pending", "types": "", "provider_order_id": "order_KviyYG9dIbGnhA", "payment_id": null, "signature_id": null, "created_at": "2022-12-24T11:05:07.504Z"}}, {"model": "web.order", "pk": 36, "fields": {"user": "USK05494", "amount": 1.0, "status": "Pending", "types": "", "provider_order_id": "order_Kw122IDlGRAPL6", "payment_id": null, "signature_id": null, "created_at": "2022-12-25T04:44:54.463Z"}}, {"model": "web.order", "pk": 37, "fields": {"user": "USK07595", "amount": 1.0, "status": "Pending", "types": "", "provider_order_id": "order_Kw12aEgzDn0q2g", "payment_id": null, "signature_id": null, "created_at": "2022-12-25T04:45:25.536Z"}}, {"model": "web.order", "pk": 38, "fields": {"user": "USK07595", "amount": 1.0, "status": "Pending", "types": "", "provider_order_id": "order_Kw134dM9vfpLFW", "payment_id": null, "signature_id": null, "created_at": "2022-12-25T04:45:53.399Z"}}, {"model": "web.order", "pk": 39, "fields": {"user": "USK07595", "amount": 1.0, "status": "Pending", "types": "", "provider_order_id": "order_Kw13NO40lw1XQ2", "payment_id": null, "signature_id": null, "created_at": "2022-12-25T04:46:10.582Z"}}, {"model": "web.order", "pk": 40, "fields": {"user": "USK05494", "amount": 1.0, "status": "Pending", "types": "", "provider_order_id": "order_Kw13dq0BP7I0u2", "payment_id": null, "signature_id": null, "created_at": "2022-12-25T04:46:25.643Z"}}, {"model": "web.order", "pk": 41, "fields": {"user": "USK05494", "amount": 1.0, "status": "Success", "types": "", "provider_order_id": "order_Kw13eRWSRW4EzY", "payment_id": "pay_Kw13vtKXIWOGnX", "signature_id": "82862963b59563506f743be770d2e8096bed86b05235fd1afd79e124b5d17d3c", "created_at": "2022-12-25T04:46:26.232Z"}}, {"model": "web.order", "pk": 42, "fields": {"user": "USK07595", "amount": 1.0, "status": "Pending", "types": "", "provider_order_id": "order_Kw17zFYOUkrhkp", "payment_id": null, "signature_id": null, "created_at": "2022-12-25T04:50:32.457Z"}}, {"model": "web.order", "pk": 43, "fields": {"user": "USK07595", "amount": 1.0, "status": "Pending", "types": "", "provider_order_id": "order_Kw18XKo2WM256l", "payment_id": null, "signature_id": null, "created_at": "2022-12-25T04:51:03.678Z"}}, {"model": "web.order", "pk": 44, "fields": {"user": "USK07595", "amount": 1.0, "status": "Pending", "types": "", "provider_order_id": "order_Kw19iVICnOdgTc", "payment_id": null, "signature_id": null, "created_at": "2022-12-25T04:52:10.731Z"}}, {"model": "web.order", "pk": 45, "fields": {"user": "USK07595", "amount": 1.0, "status": "Pending", "types": "", "provider_order_id": "order_Kw1A6cnoyNRT7i", "payment_id": null, "signature_id": null, "created_at": "2022-12-25T04:52:32.840Z"}}, {"model": "web.order", "pk": 46, "fields": {"user": "USK07595", "amount": 1.0, "status": "Pending", "types": "", "provider_order_id": "order_Kw1ADdDfn78CqK", "payment_id": null, "signature_id": null, "created_at": "2022-12-25T04:52:39.233Z"}}, {"model": "web.order", "pk": 47, "fields": {"user": "USK07595", "amount": 1.0, "status": "Success", "types": "", "provider_order_id": "order_Kw1LF28FjPwpb8", "payment_id": "pay_Kw1LSwKa9FaL8t", "signature_id": "3066c6f81356c871c96721f9d91a65727f6a861e4dbb7f47345c75c30f628fbb", "created_at": "2022-12-25T05:03:05.332Z"}}, {"model": "web.order", "pk": 48, "fields": {"user": "USK07595", "amount": 1.0, "status": "Pending", "types": "", "provider_order_id": "order_Kw1eMpjpRAOoJ1", "payment_id": null, "signature_id": null, "created_at": "2022-12-25T05:21:11.794Z"}}, {"model": "web.order", "pk": 49, "fields": {"user": "USK07595", "amount": 1.0, "status": "Pending", "types": "", "provider_order_id": "order_Kw1fcHvyAGlEPm", "payment_id": null, "signature_id": null, "created_at": "2022-12-25T05:22:22.632Z"}}, {"model": "web.order", "pk": 50, "fields": {"user": "USK07595", "amount": 1.0, "status": "Pending", "types": "", "provider_order_id": "order_Kw1fkjh1xrUdVZ", "payment_id": null, "signature_id": null, "created_at": "2022-12-25T05:22:30.384Z"}}, {"model": "web.order", "pk": 51, "fields": {"user": "USK07595", "amount": 1.0, "status": "Pending", "types": "", "provider_order_id": "order_Kw8N9DOqVRHQyv", "payment_id": null, "signature_id": null, "created_at": "2022-12-25T11:55:44.941Z"}}, {"model": "web.order", "pk": 52, "fields": {"user": "USK01517", "amount": 1.0, "status": "Pending", "types": "", "provider_order_id": "order_KwQhjJMNUprw8l", "payment_id": null, "signature_id": null, "created_at": "2022-12-26T05:51:43.030Z"}}, {"model": "web.order", "pk": 53, "fields": {"user": "USK07595", "amount": 1.0, "status": "Pending", "types": "", "provider_order_id": "order_KwQuVNfrYVL4TK", "payment_id": null, "signature_id": null, "created_at": "2022-12-26T06:03:48.744Z"}}, {"model": "web.order", "pk": 54, "fields": {"user": "USK01517", "amount": 1.0, "status": "Pending", "types": "", "provider_order_id": "order_KwRVVjqpl1vWC2", "payment_id": null, "signature_id": null, "created_at": "2022-12-26T06:38:50.594Z"}}, {"model": "web.order", "pk": 55, "fields": {"user": "USK07595", "amount": 1.0, "status": "Pending", "types": "", "provider_order_id": "order_KwSsBll3lqfsYu", "payment_id": null, "signature_id": null, "created_at": "2022-12-26T07:59:00.341Z"}}, {"model": "web.order", "pk": 56, "fields": {"user": "USK07595", "amount": 1.0, "status": "Pending", "types": "", "provider_order_id": "order_KwV8BMvQbnhWYY", "payment_id": null, "signature_id": null, "created_at": "2022-12-26T10:11:32.015Z"}}, {"model": "web.order", "pk": 57, "fields": {"user": "USK07595", "amount": 1.0, "status": "Pending", "types": "", "provider_order_id": "order_KwVrvCTRriK0tZ", "payment_id": null, "signature_id": null, "created_at": "2022-12-26T10:54:49.994Z"}}, {"model": "web.order", "pk": 58, "fields": {"user": "USK07595", "amount": 1.0, "status": "Success", "types": "", "provider_order_id": "order_KwWGPRFwohWKDz", "payment_id": "pay_KwWITc5qqGloIj", "signature_id": "cc2c7506cc8128df5d9291a9ea7c8169862634e2b4e69927278c7b1276c4a6ab", "created_at": "2022-12-26T11:18:00.891Z"}}, {"model": "web.order", "pk": 59, "fields": {"user": "USK01517", "amount": 1.0, "status": "Success", "types": "", "provider_order_id": "order_KwWHvc6Xs6OU5k", "payment_id": "pay_KwWIthtjGZVyej", "signature_id": "e197ab4eaade5f568a621473cdd4a87c714d1e733b92bb45068133aa85b8415b", "created_at": "2022-12-26T11:19:27.159Z"}}, {"model": "web.order", "pk": 60, "fields": {"user": "USK07595", "amount": 1.0, "status": "Pending", "types": "", "provider_order_id": "order_KwWJ6NemUNJ9m3", "payment_id": null, "signature_id": null, "created_at": "2022-12-26T11:20:33.815Z"}}, {"model": "web.order", "pk": 61, "fields": {"user": "USK01517", "amount": 1.0, "status": "Pending", "types": "", "provider_order_id": "order_KwWJaGm9zJCkXW", "payment_id": null, "signature_id": null, "created_at": "2022-12-26T11:21:01.203Z"}}, {"model": "web.order", "pk": 62, "fields": {"user": "USK07595", "amount": 1.0, "status": "Pending", "types": "", "provider_order_id": "order_KwWJx5U0b2bJDc", "payment_id": null, "signature_id": null, "created_at": "2022-12-26T11:21:22.106Z"}}, {"model": "web.order", "pk": 63, "fields": {"user": "USK07595", "amount": 1.0, "status": "Pending", "types": "", "provider_order_id": "order_KwWKBzd0tGi9ih", "payment_id": null, "signature_id": null, "created_at": "2022-12-26T11:21:35.759Z"}}, {"model": "web.order", "pk": 64, "fields": {"user": "USK01517", "amount": 1.0, "status": "Pending", "types": "", "provider_order_id": "order_KwWLTLeqEoicEm", "payment_id": null, "signature_id": null, "created_at": "2022-12-26T11:22:48.468Z"}}, {"model": "web.order", "pk": 65, "fields": {"user": "USK07595", "amount": 1.0, "status": "Pending", "types": "", "provider_order_id": "order_KwWNOYCsI3Hoj1", "payment_id": null, "signature_id": null, "created_at": "2022-12-26T11:24:37.665Z"}}, {"model": "web.order", "pk": 66, "fields": {"user": "USK07595", "amount": 1.0, "status": "Pending", "types": "", "provider_order_id": "order_KwWNObR9nnH0uc", "payment_id": null, "signature_id": null, "created_at": "2022-12-26T11:24:37.712Z"}}, {"model": "web.order", "pk": 67, "fields": {"user": "USK07595", "amount": 1.0, "status": "Pending", "types": "", "provider_order_id": "order_KwWNOiCXHJV9vK", "payment_id": null, "signature_id": null, "created_at": "2022-12-26T11:24:37.810Z"}}, {"model": "web.order", "pk": 68, "fields": {"user": "USK07595", "amount": 1.0, "status": "Pending", "types": "", "provider_order_id": "order_KwWNOp6iUtHyri", "payment_id": null, "signature_id": null, "created_at": "2022-12-26T11:24:37.924Z"}}, {"model": "web.order", "pk": 69, "fields": {"user": "USK07595", "amount": 1.0, "status": "Pending", "types": "", "provider_order_id": "order_KwWNOqiXZ090YW", "payment_id": null, "signature_id": null, "created_at": "2022-12-26T11:24:37.959Z"}}, {"model": "web.order", "pk": 70, "fields": {"user": "USK01517", "amount": 1.0, "status": "Pending", "types": "", "provider_order_id": "order_KwWNdltIzJ9SOa", "payment_id": null, "signature_id": null, "created_at": "2022-12-26T11:24:51.640Z"}}, {"model": "web.order", "pk": 71, "fields": {"user": "USK07595", "amount": 1.0, "status": "Pending", "types": "", "provider_order_id": "order_KwWNxepsM1U5ty", "payment_id": null, "signature_id": null, "created_at": "2022-12-26T11:25:09.842Z"}}, {"model": "web.order", "pk": 72, "fields": {"user": "USK07595", "amount": 1.0, "status": "Pending", "types": "", "provider_order_id": "order_KwWNxjNA8SMyqx", "payment_id": null, "signature_id": null, "created_at": "2022-12-26T11:25:09.897Z"}}, {"model": "web.order", "pk": 73, "fields": {"user": "USK07595", "amount": 1.0, "status": "Pending", "types": "", "provider_order_id": "order_KwWNxqDUMgP4dv", "payment_id": null, "signature_id": null, "created_at": "2022-12-26T11:25:10.023Z"}}, {"model": "web.order", "pk": 74, "fields": {"user": "USK07595", "amount": 1.0, "status": "Success", "types": "", "provider_order_id": "order_KwWNy6GHgltgIf", "payment_id": "pay_KwWOs6fMCViZxg", "signature_id": "d03b34f4f17208b2f7eb23d5e992d488fb8ca4475f2e0abfd58db005db2b2c27", "created_at": "2022-12-26T11:25:10.242Z"}}, {"model": "web.order", "pk": 75, "fields": {"user": "USK01517", "amount": 1.0, "status": "Pending", "types": "", "provider_order_id": "order_KwWOBesRNaTkR3", "payment_id": null, "signature_id": null, "created_at": "2022-12-26T11:25:22.654Z"}}, {"model": "web.order", "pk": 76, "fields": {"user": "USK01517", "amount": 1.0, "status": "Pending", "types": "", "provider_order_id": "order_KwWOTxlS3OpgIp", "payment_id": null, "signature_id": null, "created_at": "2022-12-26T11:25:39.432Z"}}, {"model": "web.order", "pk": 77, "fields": {"user": "USK07595", "amount": 1.0, "status": "Pending", "types": "", "provider_order_id": "order_KwWP4Yr3JKcwsv", "payment_id": null, "signature_id": null, "created_at": "2022-12-26T11:26:12.949Z"}}, {"model": "web.order", "pk": 78, "fields": {"user": "USK07595", "amount": 1.0, "status": "Pending", "types": "", "provider_order_id": "order_KwWcE1WMq75zrd", "payment_id": null, "signature_id": null, "created_at": "2022-12-26T11:38:40.032Z"}}, {"model": "web.order", "pk": 79, "fields": {"user": "USK07595", "amount": 1.0, "status": "Pending", "types": "", "provider_order_id": "order_KwWcE9l5MDB3rk", "payment_id": null, "signature_id": null, "created_at": "2022-12-26T11:38:40.151Z"}}, {"model": "web.order", "pk": 80, "fields": {"user": "USK07595", "amount": 1.0, "status": "Pending", "types": "", "provider_order_id": "order_KwWcEAS18cJMJV", "payment_id": null, "signature_id": null, "created_at": "2022-12-26T11:38:40.161Z"}}, {"model": "web.order", "pk": 81, "fields": {"user": "USK07595", "amount": 1.0, "status": "Pending", "types": "", "provider_order_id": "order_KwWcEAvTrfdB4n", "payment_id": null, "signature_id": null, "created_at": "2022-12-26T11:38:40.166Z"}}, {"model": "web.order", "pk": 82, "fields": {"user": "USK07595", "amount": 1.0, "status": "Pending", "types": "", "provider_order_id": "order_KwWcEGeyScncD6", "payment_id": null, "signature_id": null, "created_at": "2022-12-26T11:38:40.248Z"}}, {"model": "web.order", "pk": 83, "fields": {"user": "USK07595", "amount": 1.0, "status": "Pending", "types": "", "provider_order_id": "order_KwWcETV0DgMOoQ", "payment_id": null, "signature_id": null, "created_at": "2022-12-26T11:38:40.438Z"}}, {"model": "web.order", "pk": 84, "fields": {"user": "USK07595", "amount": 1.0, "status": "Pending", "types": "", "provider_order_id": "order_KwWcEaasEBNofO", "payment_id": null, "signature_id": null, "created_at": "2022-12-26T11:38:40.540Z"}}, {"model": "web.order", "pk": 85, "fields": {"user": "USK07595", "amount": 1.0, "status": "Pending", "types": "", "provider_order_id": "order_KwWcEo2rgX8bVU", "payment_id": null, "signature_id": null, "created_at": "2022-12-26T11:38:40.749Z"}}, {"model": "web.order", "pk": 86, "fields": {"user": "USK07595", "amount": 1.0, "status": "Pending", "types": "", "provider_order_id": "order_KwWcFC4CTuikLC", "payment_id": null, "signature_id": null, "created_at": "2022-12-26T11:38:41.096Z"}}, {"model": "web.order", "pk": 87, "fields": {"user": "USK07595", "amount": 1.0, "status": "Pending", "types": "", "provider_order_id": "order_KwWcFQEbSOcd0K", "payment_id": null, "signature_id": null, "created_at": "2022-12-26T11:38:41.322Z"}}, {"model": "web.order", "pk": 88, "fields": {"user": "USK07595", "amount": 1.0, "status": "Pending", "types": "", "provider_order_id": "order_KwWcFejeMGvLTw", "payment_id": null, "signature_id": null, "created_at": "2022-12-26T11:38:41.525Z"}}, {"model": "web.order", "pk": 89, "fields": {"user": "USK07595", "amount": 1.0, "status": "Pending", "types": "", "provider_order_id": "order_KwWcG5SLfpKYlg", "payment_id": null, "signature_id": null, "created_at": "2022-12-26T11:38:41.918Z"}}, {"model": "web.order", "pk": 90, "fields": {"user": "USK07595", "amount": 1.0, "status": "Pending", "types": "", "provider_order_id": "order_KwWcGDpIUVMppX", "payment_id": null, "signature_id": null, "created_at": "2022-12-26T11:38:42.032Z"}}, {"model": "web.order", "pk": 91, "fields": {"user": "USK07595", "amount": 1.0, "status": "Pending", "types": "", "provider_order_id": "order_KwWcMsakOQHteC", "payment_id": null, "signature_id": null, "created_at": "2022-12-26T11:38:48.149Z"}}, {"model": "web.order", "pk": 92, "fields": {"user": "USK07595", "amount": 1.0, "status": "Pending", "types": "", "provider_order_id": "order_KwWcN6NnlIeySO", "payment_id": null, "signature_id": null, "created_at": "2022-12-26T11:38:48.338Z"}}, {"model": "web.order", "pk": 93, "fields": {"user": "USK07595", "amount": 1.0, "status": "Pending", "types": "", "provider_order_id": "order_KwWcNJp5Wv99DD", "payment_id": null, "signature_id": null, "created_at": "2022-12-26T11:38:48.546Z"}}, {"model": "web.order", "pk": 94, "fields": {"user": "USK07595", "amount": 1.0, "status": "Pending", "types": "", "provider_order_id": "order_KwWcaKHRDJjw1s", "payment_id": null, "signature_id": null, "created_at": "2022-12-26T11:39:00.475Z"}}, {"model": "web.order", "pk": 95, "fields": {"user": "USK07595", "amount": 1.0, "status": "Pending", "types": "", "provider_order_id": "order_KwWcabeOxAuckk", "payment_id": null, "signature_id": null, "created_at": "2022-12-26T11:39:00.716Z"}}, {"model": "web.order", "pk": 96, "fields": {"user": "USK07595", "amount": 1.0, "status": "Pending", "types": "", "provider_order_id": "order_KwWcakvIs04TCl", "payment_id": null, "signature_id": null, "created_at": "2022-12-26T11:39:00.852Z"}}, {"model": "web.order", "pk": 97, "fields": {"user": "USK07595", "amount": 1.0, "status": "Pending", "types": "", "provider_order_id": "order_KwWcawpYgd4Hbn", "payment_id": null, "signature_id": null, "created_at": "2022-12-26T11:39:01.032Z"}}, {"model": "web.order", "pk": 98, "fields": {"user": "USK07595", "amount": 1.0, "status": "Pending", "types": "", "provider_order_id": "order_KwWcbINf0Gkt1J", "payment_id": null, "signature_id": null, "created_at": "2022-12-26T11:39:01.357Z"}}, {"model": "web.order", "pk": 99, "fields": {"user": "USK07595", "amount": 1.0, "status": "Pending", "types": "", "provider_order_id": "order_KwWcbanEzGP7nv", "payment_id": null, "signature_id": null, "created_at": "2022-12-26T11:39:01.622Z"}}, {"model": "web.order", "pk": 100, "fields": {"user": "USK07595", "amount": 1.0, "status": "Pending", "types": "", "provider_order_id": "order_KwWcbrSnI19frf", "payment_id": null, "signature_id": null, "created_at": "2022-12-26T11:39:01.860Z"}}, {"model": "web.order", "pk": 101, "fields": {"user": "USK07595", "amount": 1.0, "status": "Pending", "types": "", "provider_order_id": "order_KwWccBrSQx1uf6", "payment_id": null, "signature_id": null, "created_at": "2022-12-26T11:39:02.163Z"}}, {"model": "web.order", "pk": 102, "fields": {"user": "USK07595", "amount": 1.0, "status": "Pending", "types": "", "provider_order_id": "order_KwWccaq5bh3U71", "payment_id": null, "signature_id": null, "created_at": "2022-12-26T11:39:02.537Z"}}, {"model": "web.order", "pk": 103, "fields": {"user": "USK07595", "amount": 1.0, "status": "Pending", "types": "", "provider_order_id": "order_KwWcdBrKHXFsDF", "payment_id": null, "signature_id": null, "created_at": "2022-12-26T11:39:03.092Z"}}, {"model": "web.order", "pk": 104, "fields": {"user": "USK07595", "amount": 1.0, "status": "Success", "types": "", "provider_order_id": "order_KwWcxW2L4H7bn2", "payment_id": "pay_KwWf0smY9Jb2LW", "signature_id": "8bb38186479ee8f0e8e66e31ff3fbc1314b2d53dcd6eaf26d2277f3867193c8f", "created_at": "2022-12-26T11:39:21.709Z"}}, {"model": "web.order", "pk": 105, "fields": {"user": "USK07595", "amount": 1.0, "status": "Pending", "types": "", "provider_order_id": "order_KwWcxbSQ5ABmIO", "payment_id": null, "signature_id": null, "created_at": "2022-12-26T11:39:21.788Z"}}, {"model": "web.order", "pk": 106, "fields": {"user": "USK07595", "amount": 1.0, "status": "Pending", "types": "", "provider_order_id": "order_KwWcxjlDZWar4d", "payment_id": null, "signature_id": null, "created_at": "2022-12-26T11:39:21.911Z"}}, {"model": "web.order", "pk": 107, "fields": {"user": "USK07595", "amount": 1.0, "status": "Success", "types": "", "provider_order_id": "order_KwWgin8fN5whqw", "payment_id": "pay_KwWhfeVKWaMM80", "signature_id": "9ac1981e08b1f28dd8f4409b4abe1deb44adb9c527867226e141eb8b1a7b0ad5", "created_at": "2022-12-26T11:42:55.427Z"}}, {"model": "web.order", "pk": 108, "fields": {"user": "USK07595", "amount": 1.0, "status": "Pending", "types": "", "provider_order_id": "order_KwWholGpOo3Qoq", "payment_id": null, "signature_id": null, "created_at": "2022-12-26T11:43:57.684Z"}}, {"model": "web.order", "pk": 109, "fields": {"user": "USK07595", "amount": 1.0, "status": "Pending", "types": "", "provider_order_id": "order_KwWkxF4NvZe8GW", "payment_id": null, "signature_id": null, "created_at": "2022-12-26T11:46:55.853Z"}}, {"model": "web.order", "pk": 110, "fields": {"user": "USK07595", "amount": 1.0, "status": "Pending", "types": "", "provider_order_id": "order_KwWkxGKhD5aiJ8", "payment_id": null, "signature_id": null, "created_at": "2022-12-26T11:46:55.880Z"}}, {"model": "web.order", "pk": 111, "fields": {"user": "USK07595", "amount": 1.0, "status": "Pending", "types": "", "provider_order_id": "order_KwWkxGleC8TMsx", "payment_id": null, "signature_id": null, "created_at": "2022-12-26T11:46:55.890Z"}}, {"model": "web.order", "pk": 112, "fields": {"user": "USK07595", "amount": 1.0, "status": "Pending", "types": "", "provider_order_id": "order_KwWkxHDZqBaDF3", "payment_id": null, "signature_id": null, "created_at": "2022-12-26T11:46:55.897Z"}}, {"model": "web.order", "pk": 113, "fields": {"user": "USK07595", "amount": 1.0, "status": "Pending", "types": "", "provider_order_id": "order_KwWkxIaSw26ZPr", "payment_id": null, "signature_id": null, "created_at": "2022-12-26T11:46:55.926Z"}}, {"model": "web.order", "pk": 114, "fields": {"user": "USK07595", "amount": 1.0, "status": "Pending", "types": "", "provider_order_id": "order_KwWkxJckB9iMe4", "payment_id": null, "signature_id": null, "created_at": "2022-12-26T11:46:55.940Z"}}, {"model": "web.order", "pk": 115, "fields": {"user": "USK07595", "amount": 1.0, "status": "Pending", "types": "", "provider_order_id": "order_KwWkxJqvnSREx5", "payment_id": null, "signature_id": null, "created_at": "2022-12-26T11:46:55.940Z"}}, {"model": "web.order", "pk": 116, "fields": {"user": "USK07595", "amount": 1.0, "status": "Pending", "types": "", "provider_order_id": "order_KwWkxIV9DpMI2w", "payment_id": null, "signature_id": null, "created_at": "2022-12-26T11:46:55.941Z"}}, {"model": "web.order", "pk": 117, "fields": {"user": "USK07595", "amount": 1.0, "status": "Pending", "types": "", "provider_order_id": "order_KwWkxYKJdaDzEO", "payment_id": null, "signature_id": null, "created_at": "2022-12-26T11:46:56.137Z"}}, {"model": "web.order", "pk": 118, "fields": {"user": "USK07595", "amount": 1.0, "status": "Pending", "types": "", "provider_order_id": "order_KwWl0mAOJx0IvN", "payment_id": null, "signature_id": null, "created_at": "2022-12-26T11:46:59.088Z"}}, {"model": "web.order", "pk": 119, "fields": {"user": "USK07595", "amount": 1.0, "status": "Pending", "types": "", "provider_order_id": "order_KwWl1KsVjbz55U", "payment_id": null, "signature_id": null, "created_at": "2022-12-26T11:46:59.605Z"}}, {"model": "web.order", "pk": 120, "fields": {"user": "USK07595", "amount": 1.0, "status": "Success", "types": "", "provider_order_id": "order_KwWl1uGvwarehd", "payment_id": "pay_KwWmE2Hw2eVfBF", "signature_id": "65b0d8a6f98800706868940c0c4cc2d05f9151b900b8d569dc467a648430e01a", "created_at": "2022-12-26T11:47:00.132Z"}}, {"model": "web.order", "pk": 121, "fields": {"user": "USK07595", "amount": 1.0, "status": "Pending", "types": "", "provider_order_id": "order_KwWmKMZqxezmBX", "payment_id": null, "signature_id": null, "created_at": "2022-12-26T11:48:13.894Z"}}, {"model": "web.order", "pk": 122, "fields": {"user": "USK07595", "amount": 1.0, "status": "Pending", "types": "", "provider_order_id": "order_KwWvgLwnw2NSW4", "payment_id": null, "signature_id": null, "created_at": "2022-12-26T11:57:05.196Z"}}, {"model": "web.order", "pk": 123, "fields": {"user": "USK07595", "amount": 1.0, "status": "Pending", "types": "", "provider_order_id": "order_KwWvgOqfh46aog", "payment_id": null, "signature_id": null, "created_at": "2022-12-26T11:57:05.232Z"}}, {"model": "web.order", "pk": 124, "fields": {"user": "USK07595", "amount": 1.0, "status": "Pending", "types": "", "provider_order_id": "order_KwWvgPYshzlini", "payment_id": null, "signature_id": null, "created_at": "2022-12-26T11:57:05.247Z"}}, {"model": "web.order", "pk": 125, "fields": {"user": "USK07595", "amount": 1.0, "status": "Pending", "types": "", "provider_order_id": "order_KwWvgPinapddOu", "payment_id": null, "signature_id": null, "created_at": "2022-12-26T11:57:05.248Z"}}, {"model": "web.order", "pk": 126, "fields": {"user": "USK07595", "amount": 1.0, "status": "Pending", "types": "", "provider_order_id": "order_KwWvgRZPf9qOQW", "payment_id": null, "signature_id": null, "created_at": "2022-12-26T11:57:05.283Z"}}, {"model": "web.order", "pk": 127, "fields": {"user": "USK07595", "amount": 1.0, "status": "Pending", "types": "", "provider_order_id": "order_KwWvgTXT50AORa", "payment_id": null, "signature_id": null, "created_at": "2022-12-26T11:57:05.295Z"}}, {"model": "web.order", "pk": 128, "fields": {"user": "USK07595", "amount": 1.0, "status": "Pending", "types": "", "provider_order_id": "order_KwWvgbmgOxEB74", "payment_id": null, "signature_id": null, "created_at": "2022-12-26T11:57:05.456Z"}}, {"model": "web.order", "pk": 129, "fields": {"user": "USK07595", "amount": 1.0, "status": "Pending", "types": "", "provider_order_id": "order_KwWvgjXUZxiDQZ", "payment_id": null, "signature_id": null, "created_at": "2022-12-26T11:57:05.544Z"}}, {"model": "web.order", "pk": 130, "fields": {"user": "USK07595", "amount": 1.0, "status": "Pending", "types": "", "provider_order_id": "order_KwWvndJDWTQkQq", "payment_id": null, "signature_id": null, "created_at": "2022-12-26T11:57:11.853Z"}}, {"model": "web.order", "pk": 131, "fields": {"user": "USK07595", "amount": 1.0, "status": "Success", "types": "", "provider_order_id": "order_KwWvnpF4mn9T8l", "payment_id": "pay_KwWwlSPFPfhNTT", "signature_id": "65f62f37d630e613a958ca58cab199c616c695ae7f2642e3b5cebe898df40d74", "created_at": "2022-12-26T11:57:12.026Z"}}, {"model": "web.order", "pk": 132, "fields": {"user": "USK07595", "amount": 1.0, "status": "Pending", "types": "", "provider_order_id": "order_KwWvrJwfyoheuA", "payment_id": null, "signature_id": null, "created_at": "2022-12-26T11:57:15.238Z"}}, {"model": "web.order", "pk": 133, "fields": {"user": "USK07595", "amount": 1.0, "status": "Pending", "types": "", "provider_order_id": "order_KwWwwyxDLkchDm", "payment_id": null, "signature_id": null, "created_at": "2022-12-26T11:58:17.214Z"}}, {"model": "web.order", "pk": 134, "fields": {"user": "USK07595", "amount": 1.0, "status": "Pending", "types": "", "provider_order_id": "order_KwaAWKKlGb8CXS", "payment_id": null, "signature_id": null, "created_at": "2022-12-26T15:07:12.852Z"}}, {"model": "web.order", "pk": 135, "fields": {"user": "USK05656", "amount": 1.0, "status": "Pending", "types": "", "provider_order_id": "order_KwaB9lOMKfBawe", "payment_id": null, "signature_id": null, "created_at": "2022-12-26T15:07:48.977Z"}}, {"model": "web.order", "pk": 136, "fields": {"user": "USK05656", "amount": 1.0, "status": "Pending", "types": "", "provider_order_id": "order_KwaJVMt3OeNleO", "payment_id": null, "signature_id": null, "created_at": "2022-12-26T15:15:43.180Z"}}, {"model": "web.order", "pk": 137, "fields": {"user": "USK07595", "amount": 1.0, "status": "Pending", "types": "", "provider_order_id": "order_KwnNLWgjA81iTU", "payment_id": null, "signature_id": null, "created_at": "2022-12-27T04:02:22.348Z"}}, {"model": "web.order", "pk": 138, "fields": {"user": "USK07595", "amount": 1.0, "status": "Pending", "types": "", "provider_order_id": "order_KwnNPVjcUVfrxE", "payment_id": null, "signature_id": null, "created_at": "2022-12-27T04:02:25.986Z"}}, {"model": "web.order", "pk": 139, "fields": {"user": "USK07595", "amount": 1.0, "status": "Success", "types": "", "provider_order_id": "order_KwnNPht6htcSaN", "payment_id": "pay_KwnOG9oP0qE1Nb", "signature_id": "1df3adcf11fb618a5e8b4d4ba51b032d94dc9db511d56ce3eef3cf899064894b", "created_at": "2022-12-27T04:02:26.179Z"}}, {"model": "web.order", "pk": 140, "fields": {"user": "USK07595", "amount": 1.0, "status": "Pending", "types": "", "provider_order_id": "order_KwnNPoPXLMsLNi", "payment_id": null, "signature_id": null, "created_at": "2022-12-27T04:02:26.277Z"}}, {"model": "web.order", "pk": 141, "fields": {"user": "USK05656", "amount": 1.0, "status": "Pending", "types": "", "provider_order_id": "order_KwohfvFcZwAyqM", "payment_id": null, "signature_id": null, "created_at": "2022-12-27T05:20:18.653Z"}}, {"model": "web.order", "pk": 142, "fields": {"user": "USK05656", "amount": 1.0, "status": "Pending", "types": "", "provider_order_id": "order_Kwolqf0y0kFNTs", "payment_id": null, "signature_id": null, "created_at": "2022-12-27T05:24:15.688Z"}}, {"model": "web.order", "pk": 143, "fields": {"user": "USK05656", "amount": 1.0, "status": "Pending", "types": "", "provider_order_id": "order_Kwoz9kJAerT6eq", "payment_id": null, "signature_id": null, "created_at": "2022-12-27T05:36:51.572Z"}}, {"model": "web.order", "pk": 144, "fields": {"user": "USK05656", "amount": 1.0, "status": "Pending", "types": "", "provider_order_id": "order_KwozI6uXL7j7Xl", "payment_id": null, "signature_id": null, "created_at": "2022-12-27T05:36:59.239Z"}}, {"model": "web.order", "pk": 145, "fields": {"user": "USK05656", "amount": 1.0, "status": "Success", "types": "", "provider_order_id": "order_KwozaxWPTuvYji", "payment_id": "pay_Kwp0JF0yodsMX2", "signature_id": "fd07c03de141bd453ecd2c0fb07197f0e302d735018f3ae2638e9a78c47fcb2d", "created_at": "2022-12-27T05:37:16.511Z"}}, {"model": "web.order", "pk": 146, "fields": {"user": "USK01517", "amount": 1.0, "status": "Pending", "types": "", "provider_order_id": "order_Kwp33Mz76KJWrK", "payment_id": null, "signature_id": null, "created_at": "2022-12-27T05:40:32.937Z"}}, {"model": "web.order", "pk": 147, "fields": {"user": "USK01517", "amount": 1.0, "status": "Pending", "types": "", "provider_order_id": "order_KwpFlR3o44fL7f", "payment_id": null, "signature_id": null, "created_at": "2022-12-27T05:52:34.917Z"}}, {"model": "web.order", "pk": 148, "fields": {"user": "USK01517", "amount": 1.0, "status": "Success", "types": "Access", "provider_order_id": "order_KwpPIwVlSNPZym", "payment_id": "pay_KwWIthtjGZVyej", "signature_id": "fd07c03de141bd453ecd2c0fb07197f0e302d735018f3ae2638e9a78c47fcb2d", "created_at": "2022-12-27T06:01:36.802Z"}}, {"model": "web.order", "pk": 149, "fields": {"user": "USK05480", "amount": 1499.0, "status": "Pending", "types": "", "provider_order_id": "order_Kwse6DE2HFNHnG", "payment_id": null, "signature_id": null, "created_at": "2022-12-27T09:11:41.996Z"}}, {"model": "web.order", "pk": 150, "fields": {"user": "USK01517", "amount": 1499.0, "status": "Pending", "types": "", "provider_order_id": "order_KwsfXCcoUAsmy0", "payment_id": null, "signature_id": null, "created_at": "2022-12-27T09:13:03.519Z"}}, {"model": "web.order", "pk": 151, "fields": {"user": "USK01517", "amount": 1499.0, "status": "Pending", "types": "", "provider_order_id": "order_Kwsg0oR74bYsRm", "payment_id": null, "signature_id": null, "created_at": "2022-12-27T09:13:30.642Z"}}, {"model": "web.order", "pk": 152, "fields": {"user": "USK01517", "amount": 1499.0, "status": "Pending", "types": "", "provider_order_id": "order_Kwsi9WnMKEoqo3", "payment_id": null, "signature_id": null, "created_at": "2022-12-27T09:15:32.227Z"}}, {"model": "web.order", "pk": 154, "fields": {"user": "USK01517", "amount": 1499.0, "status": "Pending", "types": "", "provider_order_id": "order_Kwx8WgRjtnvsyy", "payment_id": null, "signature_id": null, "created_at": "2022-12-27T13:35:16.712Z"}}, {"model": "web.order", "pk": 155, "fields": {"user": "USK09417", "amount": 1499.0, "status": "Pending", "types": "", "provider_order_id": "order_KwxDbhP1azLNaL", "payment_id": null, "signature_id": null, "created_at": "2022-12-27T13:40:05.310Z"}}, {"model": "web.order", "pk": 156, "fields": {"user": "USK02952", "amount": 1499.0, "status": "Pending", "types": "", "provider_order_id": "order_KwxFH3Cbs8ZQg9", "payment_id": null, "signature_id": null, "created_at": "2022-12-27T13:41:39.982Z"}}, {"model": "web.order", "pk": 157, "fields": {"user": "USK01517", "amount": 1499.0, "status": "Pending", "types": "", "provider_order_id": "order_KwxJ2jiUrfZjaS", "payment_id": null, "signature_id": null, "created_at": "2022-12-27T13:45:14.076Z"}}, {"model": "web.order", "pk": 158, "fields": {"user": "USK02952", "amount": 1499.0, "status": "Pending", "types": "", "provider_order_id": "order_KwxRFc99HKmjJO", "payment_id": null, "signature_id": null, "created_at": "2022-12-27T13:53:00.279Z"}}, {"model": "web.order", "pk": 159, "fields": {"user": "USK05315", "amount": 1499.0, "status": "Pending", "types": "", "provider_order_id": "order_KwxVSEHMy9qfqy", "payment_id": null, "signature_id": null, "created_at": "2022-12-27T13:56:59.038Z"}}, {"model": "web.order", "pk": 160, "fields": {"user": "USK09417", "amount": 1499.0, "status": "Pending", "types": "", "provider_order_id": "order_KwxWqYuRhyOWon", "payment_id": null, "signature_id": null, "created_at": "2022-12-27T13:58:18.126Z"}}, {"model": "web.order", "pk": 161, "fields": {"user": "USK01517", "amount": 1499.0, "status": "Pending", "types": "", "provider_order_id": "order_KwxnwDky5mjbHF", "payment_id": null, "signature_id": null, "created_at": "2022-12-27T14:14:28.924Z"}}, {"model": "web.order", "pk": 162, "fields": {"user": "USK01517", "amount": 1499.0, "status": "Pending", "types": "", "provider_order_id": "order_Kwxy74yIEPOvro", "payment_id": null, "signature_id": null, "created_at": "2022-12-27T14:24:06.858Z"}}, {"model": "web.order", "pk": 163, "fields": {"user": "USK01517", "amount": 1499.0, "status": "Pending", "types": "", "provider_order_id": "order_KwxyQNx8I811T7", "payment_id": null, "signature_id": null, "created_at": "2022-12-27T14:24:24.549Z"}}, {"model": "web.order", "pk": 164, "fields": {"user": "USK01517", "amount": 1499.0, "status": "Pending", "types": "", "provider_order_id": "order_KwxzVGpS60Mytr", "payment_id": null, "signature_id": null, "created_at": "2022-12-27T14:25:25.822Z"}}, {"model": "web.order", "pk": 165, "fields": {"user": "USK01517", "amount": 1499.0, "status": "Pending", "types": "", "provider_order_id": "order_KwxznyuKxUexCB", "payment_id": null, "signature_id": null, "created_at": "2022-12-27T14:25:42.972Z"}}, {"model": "web.order", "pk": 166, "fields": {"user": "USK01517", "amount": 1499.0, "status": "Pending", "types": "", "provider_order_id": "order_Kwy013Aamw108q", "payment_id": null, "signature_id": null, "created_at": "2022-12-27T14:25:54.946Z"}}, {"model": "web.order", "pk": 167, "fields": {"user": "USK01517", "amount": 1499.0, "status": "Pending", "types": "", "provider_order_id": "order_KxCWyhtaorKPqo", "payment_id": null, "signature_id": null, "created_at": "2022-12-28T04:38:49.817Z"}}, {"model": "web.order", "pk": 168, "fields": {"user": "USK09417", "amount": 1499.0, "status": "Pending", "types": "", "provider_order_id": "order_KxEtVcVNLBgTAI", "payment_id": null, "signature_id": null, "created_at": "2022-12-28T06:57:32.801Z"}}, {"model": "web.order", "pk": 169, "fields": {"user": "USK09417", "amount": 1499.0, "status": "Pending", "types": "", "provider_order_id": "order_KxEtcVPEJTNmfz", "payment_id": null, "signature_id": null, "created_at": "2022-12-28T06:57:39.104Z"}}, {"model": "web.order", "pk": 170, "fields": {"user": "USK09417", "amount": 1499.0, "status": "Pending", "types": "", "provider_order_id": "order_KxI84AV1c3HQam", "payment_id": null, "signature_id": null, "created_at": "2022-12-28T10:07:24.485Z"}}, {"model": "web.order", "pk": 171, "fields": {"user": "USK09417", "amount": 1499.0, "status": "Pending", "types": "", "provider_order_id": "order_KxKfQEAaEQ0cMt", "payment_id": null, "signature_id": null, "created_at": "2022-12-28T12:36:22.365Z"}}, {"model": "web.order", "pk": 172, "fields": {"user": "USK09417", "amount": 1499.0, "status": "Pending", "types": "", "provider_order_id": "order_KxKfy3IjP52CKA", "payment_id": null, "signature_id": null, "created_at": "2022-12-28T12:36:53.321Z"}}, {"model": "web.order", "pk": 173, "fields": {"user": "USK09417", "amount": 1499.0, "status": "Pending", "types": "", "provider_order_id": "order_KxKgHUF6ugKl69", "payment_id": null, "signature_id": null, "created_at": "2022-12-28T12:37:11.127Z"}}, {"model": "web.order", "pk": 174, "fields": {"user": "USK09417", "amount": 1499.0, "status": "Success", "types": "", "provider_order_id": "order_KxKm77nlnWzYUs", "payment_id": "pay_KxKmumoo3v1gYW", "signature_id": "3841c86f39db21de5dfe564a2a309bae47e532c6138beb0c7a91b68981000d13", "created_at": "2022-12-28T12:42:42.434Z"}}, {"model": "web.order", "pk": 175, "fields": {"user": "USK01517", "amount": 1499.0, "status": "Pending", "types": "", "provider_order_id": "order_KxLC9Df0dlLYUp", "payment_id": null, "signature_id": null, "created_at": "2022-12-28T13:07:21.151Z"}}, {"model": "web.latestnews", "pk": 1, "fields": {"news": "Karnataka Covid Guidelines For New Year: 10 Latest Facts", "link": "https://www.ndtv.com/india-news/karnataka-covid-guidelines-for-new-year-10-latest-facts-3639973"}}, {"model": "web.newserviceposter", "pk": 6, "fields": {"title": "Pancard Service", "image": "New_Service/WhatsApp_Image_2022-10-07_at_1.59.00_PM_xX0jzOz.jpeg", "ppoi": "0.5x0.5", "detail_link": "https://www.onlineservices.nsdl.com/paam/endUserRegisterContact.html"}}, {"model": "web.newserviceposter", "pk": 7, "fields": {"title": "DSC", "image": "New_Service/Digital_Signature_DSC.jpg", "ppoi": "0.5x0.5", "detail_link": "https://uidai.gov.in/en/my-aadhaar/get-aadhaar.html"}}, {"model": "web.newserviceposter", "pk": 8, "fields": {"title": "CAST CERTIFICATE", "image": "New_Service/Caste_Certificate.jpg", "ppoi": "0.5x0.5", "detail_link": "https://uidai.gov.in/en/my-aadhaar/get-aadhaar.html"}}, {"model": "web.newserviceposter", "pk": 9, "fields": {"title": "ELECTRCITY KSEB BILL", "image": "New_Service/Electricity_Bill.jpg", "ppoi": "0.5x0.5", "detail_link": "https://uidai.gov.in/en/my-aadhaar/get-aadhaar.html"}}, {"model": "web.newserviceposter", "pk": 10, "fields": {"title": "INTER", "image": "New_Service/Inter_Caste_Marriage_Certificate_copy.jpg", "ppoi": "0.5x0.5", "detail_link": "https://uidai.gov.in/en/my-aadhaar/get-aadhaar.html"}}, {"model": "web.newserviceposter", "pk": 11, "fields": {"title": "WATER", "image": "New_Service/Water_Bill.jpg", "ppoi": "0.5x0.5", "detail_link": "https://uidai.gov.in/en/my-aadhaar/get-aadhaar.html"}}, {"model": "web.newserviceposter", "pk": 12, "fields": {"title": "PROJECT", "image": "New_Service/Project_Report.jpg", "ppoi": "0.5x0.5", "detail_link": "https://upabokthasevanakendram.com/"}}, {"model": "web.importantposter", "pk": 6, "fields": {"title": "BSNL BILL", "image": "Importants/BSNL_Phone_Bill.jpg", "ppoi": "0.5x0.5", "detail_link": "https://uidai.gov.in/en/my-aadhaar/get-aadhaar.html"}}, {"model": "web.importantposter", "pk": 7, "fields": {"title": "IMPORT", "image": "Importants/Import_Export_Code.jpg", "ppoi": "0.5x0.5", "detail_link": "https://upabokthasevanakendram.com/"}}, {"model": "web.importantposter", "pk": 8, "fields": {"title": "INSURANCE", "image": "Importants/Insurance.jpg", "ppoi": "0.5x0.5", "detail_link": "https://tools.pdf24.org/en/all-tools"}}, {"model": "web.importantposter", "pk": 9, "fields": {"title": "RECHARGE", "image": "Importants/Recharge.jpg", "ppoi": "0.5x0.5", "detail_link": "https://tools.pdf24.org/en/all-tools"}}, {"model": "web.importantposter", "pk": 10, "fields": {"title": "PACKER LICENCE", "image": "Importants/Packer_Licence.jpg", "ppoi": "0.5x0.5", "detail_link": "https://uidai.gov.in/en/my-aadhaar/get-aadhaar.html"}}, {"model": "web.commonservicesposter", "pk": 7, "fields": {"title": "BULDING TAX", "image": "CommonServices/Bulding_Tax_Payment.jpg", "ppoi": "0.5x0.5", "detail_link": "https://uidai.gov.in/en/my-aadhaar/get-aadhaar.html"}}, {"model": "web.commonservicesposter", "pk": 8, "fields": {"title": "DRIVING LICENCE", "image": "CommonServices/Driving_License_Services.jpg", "ppoi": "0.5x0.5", "detail_link": "https://uidai.gov.in/en/my-aadhaar/get-aadhaar.html"}}, {"model": "web.commonservicesposter", "pk": 9, "fields": {"title": "JOB", "image": "CommonServices/Job_Reg.jpg", "ppoi": "0.5x0.5", "detail_link": "https://upabokthasevanakendram.com/"}}, {"model": "web.festivelposter", "pk": 9, "fields": {"title": "IMPORT", "image": "FestivelPoster/Import_Export_Code.jpg", "ppoi": "0.5x0.5", "detail_link": "https://upabokthasevanakendram.com/"}}, {"model": "web.festivelposter", "pk": 10, "fields": {"title": "ISO", "image": "FestivelPoster/ISO_Certification_RBmgBr7.jpg", "ppoi": "0.5x0.5", "detail_link": "https://uidai.gov.in/en/my-aadhaar/get-aadhaar.html"}}, {"model": "web.festivelposter", "pk": 11, "fields": {"title": "POLICE", "image": "FestivelPoster/Police_Department.jpg", "ppoi": "0.5x0.5", "detail_link": "https://upabokthasevanakendram.com/"}}, {"model": "web.festivelposter", "pk": 12, "fields": {"title": "MSME", "image": "FestivelPoster/MSME_Acknowledgement_K-Swift_copy.jpg", "ppoi": "0.5x0.5", "detail_link": "https://www.sejda.com/"}}, {"model": "web.professionalposter", "pk": 11, "fields": {"title": "VOTER", "image": "ProfessionalPoster/Voter_ID_YL0K6HK.jpg", "ppoi": "0.5x0.5", "detail_link": "https://uidai.gov.in/en/my-aadhaar/get-aadhaar.html"}}, {"model": "web.professionalposter", "pk": 12, "fields": {"title": "INCOME", "image": "ProfessionalPoster/Income_Certificate_aeFPD9v.jpg", "ppoi": "0.5x0.5", "detail_link": "https://upabokthasevanakendram.com/"}}, {"model": "web.professionalposter", "pk": 13, "fields": {"title": "AADHAR", "image": "ProfessionalPoster/Aadhaar_OdOgJ1x.jpg", "ppoi": "0.5x0.5", "detail_link": "https://uidai.gov.in/en/my-aadhaar/get-aadhaar.html"}}, {"model": "web.downloadforms", "pk": 1, "fields": {"file": "USK_LOGIN_SRS_-_Copy_iDi04A2_MmdBskH.pdf", "name": "Higher Secondary Application Form", "image": "Forms/PDF_file_FYEqO1v.png", "ppoi": "0.5x0.5", "detail_link": "https://hscap.kerala.gov.in/"}}, {"model": "web.downloadforms", "pk": 2, "fields": {"file": "USK_LOGIN_SRS_-_Copy_iDi04A2_Gv2Q02b.pdf", "name": "Higher Secondary Application Form", "image": "Forms/PDF_file_XG3ivnC.png", "ppoi": "0.5x0.5", "detail_link": "https://hscap.kerala.gov.in/"}}, {"model": "web.downloadforms", "pk": 3, "fields": {"file": "USK_LOGIN_SRS_-_Copy_iDi04A2_xEVEyeh.pdf", "name": "Higher Secondary Application Form", "image": "Forms/PDF_file_bDO6xs5.png", "ppoi": "0.5x0.5", "detail_link": "https://hscap.kerala.gov.in/"}}, {"model": "web.downloadforms", "pk": 4, "fields": {"file": "USK_LOGIN_SRS_-_Copy_iDi04A2_UdOwWHT.pdf", "name": "Higher Secondary Application Form", "image": "Forms/PDF_file_R0ZJOkX.png", "ppoi": "0.5x0.5", "detail_link": "https://hscap.kerala.gov.in/"}}, {"model": "web.downloadforms", "pk": 5, "fields": {"file": "USK_LOGIN_SRS_-_Copy_iDi04A2_P52u6VO.pdf", "name": "Higher Secondary Application Form", "image": "Forms/PDF_file_gFscKGz.png", "ppoi": "0.5x0.5", "detail_link": "https://hscap.kerala.gov.in/"}}, {"model": "web.downloaddocuments", "pk": 1, "fields": {"file": "USK_LOGIN_SRS_-_Copy_iDi04A2-pdf_QuFKmNc.pdf", "title": "Agreement", "name": "Higher Secondary Application Form", "image": "Documents/doc_6Btu22i.webp", "ppoi": "0.5x0.5", "detail_link": "https://hscap.kerala.gov.in/"}}, {"model": "web.downloaddocuments", "pk": 2, "fields": {"file": "USK_LOGIN_SRS_-_Copy_iDi04A2_OCBFmwE.pdf", "title": "Agreement", "name": "Higher Secondary Application Form", "image": "Documents/doc_OepTrdT.webp", "ppoi": "0.5x0.5", "detail_link": "https://hscap.kerala.gov.in/"}}, {"model": "web.downloaddocuments", "pk": 3, "fields": {"file": "USK_LOGIN_SRS_-_Copy_iDi04A2_SxFPNpH.pdf", "title": "Agreement", "name": "Higher Secondary Application Form", "image": "Documents/doc_Ber1Bnl.webp", "ppoi": "0.5x0.5", "detail_link": "https://hscap.kerala.gov.in/"}}, {"model": "web.downloaddocuments", "pk": 4, "fields": {"file": "USK_LOGIN_SRS_-_Copy_iDi04A2_UbtxRwI.pdf", "title": "Agreement", "name": "Higher Secondary Application Form", "image": "Documents/doc_F8LZy0x.webp", "ppoi": "0.5x0.5", "detail_link": "https://hscap.kerala.gov.in/"}}, {"model": "web.downloaddocuments", "pk": 5, "fields": {"file": "USK_LOGIN_SRS_-_Copy_iDi04A2_eAEjNE4.pdf", "title": "Agreement", "name": "Higher Secondary Application Form", "image": "Documents/doc_RVP6bIw.webp", "ppoi": "0.5x0.5", "detail_link": "https://hscap.kerala.gov.in/"}}, {"model": "web.downloaddocuments", "pk": 6, "fields": {"file": "USK_LOGIN_SRS_-_Copy_iDi04A2_8SuON2x.pdf", "title": "Agreement", "name": "Higher Secondary Application Form", "image": "Documents/doc_iPg1K25.webp", "ppoi": "0.5x0.5", "detail_link": "https://hscap.kerala.gov.in/"}}, {"model": "web.softwares", "pk": 1, "fields": {"title": "title", "name": "Software 1", "image": "Softwares/software1_6HWcL7I.webp", "ppoi": "0.5x0.5", "link": "https://www.adobe.com/in/creativecloud.html?gclid=Cj0KCQjwteOaBhDuARIsADBqReiEgrBcsTgV_F-Vl74Qu5eDwBN8cVjBgVAEZz7svIkUkLLiLB_3M8YaAoAoEALw_wcB&sdid=SL4KMHQ2&mv=search&ef_id=Cj0KCQjwteOaBhDuARIsADBqRei", "detail_link": "https://www.adobe.com/"}}, {"model": "web.softwares", "pk": 2, "fields": {"title": "title", "name": "Software 2", "image": "Softwares/software1_fPwbcDw.webp", "ppoi": "0.5x0.5", "link": "https://www.adobe.com/in/creativecloud.html?gclid=Cj0KCQjwteOaBhDuARIsADBqReiEgrBcsTgV_F-Vl74Qu5eDwBN8cVjBgVAEZz7svIkUkLLiLB_3M8YaAoAoEALw_wcB&sdid=SL4KMHQ2&mv=search&ef_id=Cj0KCQjwteOaBhDuARIsADBqRei", "detail_link": "https://www.adobe.com/"}}, {"model": "web.softwares", "pk": 3, "fields": {"title": "title", "name": "Software 3", "image": "Softwares/software1_gi9BwoJ.webp", "ppoi": "0.5x0.5", "link": "https://www.adobe.com/in/creativecloud.html?gclid=Cj0KCQjwteOaBhDuARIsADBqReiEgrBcsTgV_F-Vl74Qu5eDwBN8cVjBgVAEZz7svIkUkLLiLB_3M8YaAoAoEALw_wcB&sdid=SL4KMHQ2&mv=search&ef_id=Cj0KCQjwteOaBhDuARIsADBqRei", "detail_link": "https://www.adobe.com/"}}, {"model": "web.softwares", "pk": 4, "fields": {"title": "title", "name": "Software 4", "image": "Softwares/software1_4XJbBmx.webp", "ppoi": "0.5x0.5", "link": "https://www.adobe.com/in/creativecloud.html?gclid=Cj0KCQjwteOaBhDuARIsADBqReiEgrBcsTgV_F-Vl74Qu5eDwBN8cVjBgVAEZz7svIkUkLLiLB_3M8YaAoAoEALw_wcB&sdid=SL4KMHQ2&mv=search&ef_id=Cj0KCQjwteOaBhDuARIsADBqRei", "detail_link": "https://www.adobe.com/"}}, {"model": "web.softwares", "pk": 5, "fields": {"title": "title", "name": "Software 5", "image": "Softwares/software1_hMP4wCW.webp", "ppoi": "0.5x0.5", "link": "https://www.adobe.com/in/creativecloud.html?gclid=Cj0KCQjwteOaBhDuARIsADBqReiEgrBcsTgV_F-Vl74Qu5eDwBN8cVjBgVAEZz7svIkUkLLiLB_3M8YaAoAoEALw_wcB&sdid=SL4KMHQ2&mv=search&ef_id=Cj0KCQjwteOaBhDuARIsADBqRei", "detail_link": "https://www.adobe.com/"}}, {"model": "web.softwares", "pk": 6, "fields": {"title": "title", "name": "Software 6", "image": "Softwares/software1_jkpUW0I.webp", "ppoi": "0.5x0.5", "link": "https://www.adobe.com/in/creativecloud.html?gclid=Cj0KCQjwteOaBhDuARIsADBqReiEgrBcsTgV_F-Vl74Qu5eDwBN8cVjBgVAEZz7svIkUkLLiLB_3M8YaAoAoEALw_wcB&sdid=SL4KMHQ2&mv=search&ef_id=Cj0KCQjwteOaBhDuARIsADBqRei", "detail_link": "https://www.adobe.com/"}}, {"model": "web.tools", "pk": 6, "fields": {"title": "PDF TOOL", "name": "PDF TOOL", "image": "Tools/1.png", "ppoi": "0.5x0.5", "link": "https://tools.pdf24.org/en/all-tools", "detail_link": "https://tools.pdf24.org/en/all-tools"}}, {"model": "web.tools", "pk": 7, "fields": {"title": "PDF TOOL 2", "name": "PDF TOOL 2", "image": "Tools/2.png", "ppoi": "0.5x0.5", "link": "https://www.sejda.com/", "detail_link": "https://www.sejda.com/"}}, {"model": "web.marketingtips", "pk": 1, "fields": {"title": "title", "name": "Tip 1", "image": "Marketing_Tip/tip1_3cSt9Hw.webp", "ppoi": "0.5x0.5", "link": "https://www.adobe.com/in/creativecloud.html?gclid=Cj0KCQjwteOaBhDuARIsADBqReiEgrBcsTgV_F-Vl74Qu5eDwBN8cVjBgVAEZz7svIkUkLLiLB_3M8YaAoAoEALw_wcB&sdid=SL4KMHQ2&mv=search&ef_id=Cj0KCQjwteOaBhDuARIsADBqRei", "detail_link": "https://www.adobe.com/"}}, {"model": "web.marketingtips", "pk": 2, "fields": {"title": "title", "name": "Tip 2", "image": "Marketing_Tip/tip1_O0YEziS.webp", "ppoi": "0.5x0.5", "link": "https://www.adobe.com/in/creativecloud.html?gclid=Cj0KCQjwteOaBhDuARIsADBqReiEgrBcsTgV_F-Vl74Qu5eDwBN8cVjBgVAEZz7svIkUkLLiLB_3M8YaAoAoEALw_wcB&sdid=SL4KMHQ2&mv=search&ef_id=Cj0KCQjwteOaBhDuARIsADBqRei", "detail_link": "https://www.adobe.com/"}}, {"model": "web.marketingtips", "pk": 3, "fields": {"title": "title", "name": "Tip 3", "image": "Marketing_Tip/tip1_9sOX7Nr.webp", "ppoi": "0.5x0.5", "link": "https://www.adobe.com/in/creativecloud.html?gclid=Cj0KCQjwteOaBhDuARIsADBqReiEgrBcsTgV_F-Vl74Qu5eDwBN8cVjBgVAEZz7svIkUkLLiLB_3M8YaAoAoEALw_wcB&sdid=SL4KMHQ2&mv=search&ef_id=Cj0KCQjwteOaBhDuARIsADBqRei", "detail_link": "https://www.adobe.com/"}}, {"model": "web.marketingtips", "pk": 4, "fields": {"title": "title", "name": "Tip 4", "image": "Marketing_Tip/tip1_s5rQyUy.webp", "ppoi": "0.5x0.5", "link": "https://www.adobe.com/in/creativecloud.html?gclid=Cj0KCQjwteOaBhDuARIsADBqReiEgrBcsTgV_F-Vl74Qu5eDwBN8cVjBgVAEZz7svIkUkLLiLB_3M8YaAoAoEALw_wcB&sdid=SL4KMHQ2&mv=search&ef_id=Cj0KCQjwteOaBhDuARIsADBqRei", "detail_link": "https://www.adobe.com/"}}, {"model": "web.marketingtips", "pk": 5, "fields": {"title": "title", "name": "Tip 5", "image": "Marketing_Tip/tip1_Zah4TId.webp", "ppoi": "0.5x0.5", "link": "https://www.adobe.com/in/creativecloud.html?gclid=Cj0KCQjwteOaBhDuARIsADBqReiEgrBcsTgV_F-Vl74Qu5eDwBN8cVjBgVAEZz7svIkUkLLiLB_3M8YaAoAoEALw_wcB&sdid=SL4KMHQ2&mv=search&ef_id=Cj0KCQjwteOaBhDuARIsADBqRei", "detail_link": "https://www.adobe.com/"}}, {"model": "web.marketingtips", "pk": 6, "fields": {"title": "title", "name": "Tip 6", "image": "Marketing_Tip/tip1_wfYnKSV.webp", "ppoi": "0.5x0.5", "link": "https://www.adobe.com/in/creativecloud.html?gclid=Cj0KCQjwteOaBhDuARIsADBqReiEgrBcsTgV_F-Vl74Qu5eDwBN8cVjBgVAEZz7svIkUkLLiLB_3M8YaAoAoEALw_wcB&sdid=SL4KMHQ2&mv=search&ef_id=Cj0KCQjwteOaBhDuARIsADBqRei", "detail_link": "https://www.adobe.com/"}}, {"model": "web.otherideas", "pk": 1, "fields": {"title": "title", "name": "Add to Bussiness", "image": "Other_Ideas/idea_gFJc7qg.png", "ppoi": "0.5x0.5", "link": "https://www.adobe.com/in/creativecloud.html?gclid=Cj0KCQjwteOaBhDuARIsADBqReiEgrBcsTgV_F-Vl74Qu5eDwBN8cVjBgVAEZz7svIkUkLLiLB_3M8YaAoAoEALw_wcB&sdid=SL4KMHQ2&mv=search&ef_id=Cj0KCQjwteOaBhDuARIsADBqRei", "detail_link": "https://www.adobe.com/"}}, {"model": "web.otherideas", "pk": 2, "fields": {"title": "title", "name": "Add to Bussiness", "image": "Other_Ideas/idea_zNuLK7U.png", "ppoi": "0.5x0.5", "link": "https://www.adobe.com/in/creativecloud.html?gclid=Cj0KCQjwteOaBhDuARIsADBqReiEgrBcsTgV_F-Vl74Qu5eDwBN8cVjBgVAEZz7svIkUkLLiLB_3M8YaAoAoEALw_wcB&sdid=SL4KMHQ2&mv=search&ef_id=Cj0KCQjwteOaBhDuARIsADBqRei", "detail_link": "https://www.adobe.com/in/creativecloud.html?gclid=Cj0KCQjwteOaBhDuARIsADBqReiEgrBcsTgV_F-Vl74Qu5eDwBN8cVjBgVAEZz7svIkUkLLiLB_3M8YaAoAoEALw_wcB&sdid=SL4KMHQ2&mv=search&ef_id=Cj0KCQjwteOaBhDuARIsADBqRei"}}, {"model": "web.otherideas", "pk": 3, "fields": {"title": "title", "name": "Add to Bussiness", "image": "Other_Ideas/idea_spM5lda.png", "ppoi": "0.5x0.5", "link": "https://www.adobe.com/in/creativecloud.html?gclid=Cj0KCQjwteOaBhDuARIsADBqReiEgrBcsTgV_F-Vl74Qu5eDwBN8cVjBgVAEZz7svIkUkLLiLB_3M8YaAoAoEALw_wcB&sdid=SL4KMHQ2&mv=search&ef_id=Cj0KCQjwteOaBhDuARIsADBqRei", "detail_link": "https://www.adobe.com/in/creativecloud.html?gclid=Cj0KCQjwteOaBhDuARIsADBqReiEgrBcsTgV_F-Vl74Qu5eDwBN8cVjBgVAEZz7svIkUkLLiLB_3M8YaAoAoEALw_wcB&sdid=SL4KMHQ2&mv=search&ef_id=Cj0KCQjwteOaBhDuARIsADBqRei"}}, {"model": "web.otherideas", "pk": 4, "fields": {"title": "title", "name": "Add to Bussiness", "image": "Other_Ideas/idea_gACqmED.png", "ppoi": "0.5x0.5", "link": "https://www.adobe.com/in/creativecloud.html?gclid=Cj0KCQjwteOaBhDuARIsADBqReiEgrBcsTgV_F-Vl74Qu5eDwBN8cVjBgVAEZz7svIkUkLLiLB_3M8YaAoAoEALw_wcB&sdid=SL4KMHQ2&mv=search&ef_id=Cj0KCQjwteOaBhDuARIsADBqRei", "detail_link": "https://www.adobe.com/in/creativecloud.html?gclid=Cj0KCQjwteOaBhDuARIsADBqReiEgrBcsTgV_F-Vl74Qu5eDwBN8cVjBgVAEZz7svIkUkLLiLB_3M8YaAoAoEALw_wcB&sdid=SL4KMHQ2&mv=search&ef_id=Cj0KCQjwteOaBhDuARIsADBqRei"}}, {"model": "web.otherideas", "pk": 5, "fields": {"title": "title", "name": "Add to Bussiness", "image": "Other_Ideas/idea_vLwtJ9q.png", "ppoi": "0.5x0.5", "link": "https://www.adobe.com/in/creativecloud.html?gclid=Cj0KCQjwteOaBhDuARIsADBqReiEgrBcsTgV_F-Vl74Qu5eDwBN8cVjBgVAEZz7svIkUkLLiLB_3M8YaAoAoEALw_wcB&sdid=SL4KMHQ2&mv=search&ef_id=Cj0KCQjwteOaBhDuARIsADBqRei", "detail_link": "https://www.adobe.com/in/creativecloud.html?gclid=Cj0KCQjwteOaBhDuARIsADBqReiEgrBcsTgV_F-Vl74Qu5eDwBN8cVjBgVAEZz7svIkUkLLiLB_3M8YaAoAoEALw_wcB&sdid=SL4KMHQ2&mv=search&ef_id=Cj0KCQjwteOaBhDuARIsADBqRei"}}, {"model": "web.agencyportal", "pk": 6, "fields": {"title": "PAN CARD", "name": "UTI AGENCY", "image": "Agency_Portal/UTI_PAN_AGENCY.png", "ppoi": "0.5x0.5", "link": "https://upabokthasevanakendram.com/", "detail_link": "https://upabokthasevanakendram.com/"}}, {"model": "web.agencyportal", "pk": 7, "fields": {"title": "PAY NEAR BY", "name": "MONEY TRANSFER AGENCY", "image": "Agency_Portal/FINTECH_SERVICES.png", "ppoi": "0.5x0.5", "link": "https://upabokthasevanakendram.com/", "detail_link": "https://upabokthasevanakendram.com/"}}, {"model": "web.backofficeservices", "pk": 1, "fields": {"title": "title", "name": "Back Office", "image": "Back_Office_Service/service1_rVCjJYv.webp", "ppoi": "0.5x0.5", "link": "https://www.adobe.com/in/creativecloud.html?gclid=Cj0KCQjwteOaBhDuARIsADBqReiEgrBcsTgV_F-Vl74Qu5eDwBN8cVjBgVAEZz7svIkUkLLiLB_3M8YaAoAoEALw_wcB&sdid=SL4KMHQ2&mv=search&ef_id=Cj0KCQjwteOaBhDuARIsADBqRei", "detail_link": "https://www.adobe.com/in/creativecloud.html?gclid=Cj0KCQjwteOaBhDuARIsADBqReiEgrBcsTgV_F-Vl74Qu5eDwBN8cVjBgVAEZz7svIkUkLLiLB_3M8YaAoAoEALw_wcB&sdid=SL4KMHQ2&mv=search&ef_id=Cj0KCQjwteOaBhDuARIsADBqRei"}}, {"model": "web.backofficeservices", "pk": 2, "fields": {"title": "title", "name": "Back Office", "image": "Back_Office_Service/service1_R0sBGyX.webp", "ppoi": "0.5x0.5", "link": "https://www.adobe.com/in/creativecloud.html?gclid=Cj0KCQjwteOaBhDuARIsADBqReiEgrBcsTgV_F-Vl74Qu5eDwBN8cVjBgVAEZz7svIkUkLLiLB_3M8YaAoAoEALw_wcB&sdid=SL4KMHQ2&mv=search&ef_id=Cj0KCQjwteOaBhDuARIsADBqRei", "detail_link": "https://www.adobe.com/in/creativecloud.html?gclid=Cj0KCQjwteOaBhDuARIsADBqReiEgrBcsTgV_F-Vl74Qu5eDwBN8cVjBgVAEZz7svIkUkLLiLB_3M8YaAoAoEALw_wcB&sdid=SL4KMHQ2&mv=search&ef_id=Cj0KCQjwteOaBhDuARIsADBqRei"}}, {"model": "web.backofficeservices", "pk": 3, "fields": {"title": "title", "name": "Back Office", "image": "Back_Office_Service/service1_sXo0uoP.webp", "ppoi": "0.5x0.5", "link": "https://www.adobe.com/in/creativecloud.html?gclid=Cj0KCQjwteOaBhDuARIsADBqReiEgrBcsTgV_F-Vl74Qu5eDwBN8cVjBgVAEZz7svIkUkLLiLB_3M8YaAoAoEALw_wcB&sdid=SL4KMHQ2&mv=search&ef_id=Cj0KCQjwteOaBhDuARIsADBqRei", "detail_link": "https://www.adobe.com/in/creativecloud.html?gclid=Cj0KCQjwteOaBhDuARIsADBqReiEgrBcsTgV_F-Vl74Qu5eDwBN8cVjBgVAEZz7svIkUkLLiLB_3M8YaAoAoEALw_wcB&sdid=SL4KMHQ2&mv=search&ef_id=Cj0KCQjwteOaBhDuARIsADBqRei"}}, {"model": "web.backofficeservices", "pk": 4, "fields": {"title": "title", "name": "Back Office", "image": "Back_Office_Service/service1_GDkPKAr.webp", "ppoi": "0.5x0.5", "link": "https://www.adobe.com/in/creativecloud.html?gclid=Cj0KCQjwteOaBhDuARIsADBqReiEgrBcsTgV_F-Vl74Qu5eDwBN8cVjBgVAEZz7svIkUkLLiLB_3M8YaAoAoEALw_wcB&sdid=SL4KMHQ2&mv=search&ef_id=Cj0KCQjwteOaBhDuARIsADBqRei", "detail_link": "https://www.adobe.com/in/creativecloud.html?gclid=Cj0KCQjwteOaBhDuARIsADBqReiEgrBcsTgV_F-Vl74Qu5eDwBN8cVjBgVAEZz7svIkUkLLiLB_3M8YaAoAoEALw_wcB&sdid=SL4KMHQ2&mv=search&ef_id=Cj0KCQjwteOaBhDuARIsADBqRei"}}, {"model": "web.backofficeservices", "pk": 5, "fields": {"title": "title", "name": "Back Office", "image": "Back_Office_Service/service1_nxaEfmG.webp", "ppoi": "0.5x0.5", "link": "https://www.adobe.com/in/creativecloud.html?gclid=Cj0KCQjwteOaBhDuARIsADBqReiEgrBcsTgV_F-Vl74Qu5eDwBN8cVjBgVAEZz7svIkUkLLiLB_3M8YaAoAoEALw_wcB&sdid=SL4KMHQ2&mv=search&ef_id=Cj0KCQjwteOaBhDuARIsADBqRei", "detail_link": "https://www.adobe.com/in/creativecloud.html?gclid=Cj0KCQjwteOaBhDuARIsADBqReiEgrBcsTgV_F-Vl74Qu5eDwBN8cVjBgVAEZz7svIkUkLLiLB_3M8YaAoAoEALw_wcB&sdid=SL4KMHQ2&mv=search&ef_id=Cj0KCQjwteOaBhDuARIsADBqRei"}}, {"model": "web.agentbonus", "pk": 1, "fields": {"title": "title", "name": "Bonus", "image": "Agent_Bonus/award_bljT9LS.jpg", "ppoi": "0.5x0.5", "link": "https://www.adobe.com/in/creativecloud.html?gclid=Cj0KCQjwteOaBhDuARIsADBqReiEgrBcsTgV_F-Vl74Qu5eDwBN8cVjBgVAEZz7svIkUkLLiLB_3M8YaAoAoEALw_wcB&sdid=SL4KMHQ2&mv=search&ef_id=Cj0KCQjwteOaBhDuARIsADBqRei", "detail_link": "https://www.adobe.com/in/creativecloud.html?gclid=Cj0KCQjwteOaBhDuARIsADBqReiEgrBcsTgV_F-Vl74Qu5eDwBN8cVjBgVAEZz7svIkUkLLiLB_3M8YaAoAoEALw_wcB&sdid=SL4KMHQ2&mv=search&ef_id=Cj0KCQjwteOaBhDuARIsADBqRei"}}, {"model": "web.agentbonus", "pk": 2, "fields": {"title": "title", "name": "Bonus", "image": "Agent_Bonus/award_KmpK9vb.jpg", "ppoi": "0.5x0.5", "link": "https://www.adobe.com/in/creativecloud.html?gclid=Cj0KCQjwteOaBhDuARIsADBqReiEgrBcsTgV_F-Vl74Qu5eDwBN8cVjBgVAEZz7svIkUkLLiLB_3M8YaAoAoEALw_wcB&sdid=SL4KMHQ2&mv=search&ef_id=Cj0KCQjwteOaBhDuARIsADBqRei", "detail_link": "https://www.adobe.com/in/creativecloud.html?gclid=Cj0KCQjwteOaBhDuARIsADBqReiEgrBcsTgV_F-Vl74Qu5eDwBN8cVjBgVAEZz7svIkUkLLiLB_3M8YaAoAoEALw_wcB&sdid=SL4KMHQ2&mv=search&ef_id=Cj0KCQjwteOaBhDuARIsADBqRei"}}, {"model": "web.agentbonus", "pk": 3, "fields": {"title": "title", "name": "Bonus", "image": "Agent_Bonus/award_2k1uFb0.jpg", "ppoi": "0.5x0.5", "link": "https://www.adobe.com/in/creativecloud.html?gclid=Cj0KCQjwteOaBhDuARIsADBqReiEgrBcsTgV_F-Vl74Qu5eDwBN8cVjBgVAEZz7svIkUkLLiLB_3M8YaAoAoEALw_wcB&sdid=SL4KMHQ2&mv=search&ef_id=Cj0KCQjwteOaBhDuARIsADBqRei", "detail_link": "https://www.adobe.com/in/creativecloud.html?gclid=Cj0KCQjwteOaBhDuARIsADBqReiEgrBcsTgV_F-Vl74Qu5eDwBN8cVjBgVAEZz7svIkUkLLiLB_3M8YaAoAoEALw_wcB&sdid=SL4KMHQ2&mv=search&ef_id=Cj0KCQjwteOaBhDuARIsADBqRei"}}, {"model": "web.agentbonus", "pk": 4, "fields": {"title": "title", "name": "Bonus", "image": "Agent_Bonus/award_yQtZLIW.jpg", "ppoi": "0.5x0.5", "link": "https://www.adobe.com/in/creativecloud.html?gclid=Cj0KCQjwteOaBhDuARIsADBqReiEgrBcsTgV_F-Vl74Qu5eDwBN8cVjBgVAEZz7svIkUkLLiLB_3M8YaAoAoEALw_wcB&sdid=SL4KMHQ2&mv=search&ef_id=Cj0KCQjwteOaBhDuARIsADBqRei", "detail_link": "https://www.adobe.com/in/creativecloud.html?gclid=Cj0KCQjwteOaBhDuARIsADBqReiEgrBcsTgV_F-Vl74Qu5eDwBN8cVjBgVAEZz7svIkUkLLiLB_3M8YaAoAoEALw_wcB&sdid=SL4KMHQ2&mv=search&ef_id=Cj0KCQjwteOaBhDuARIsADBqRei"}}, {"model": "web.agentbonus", "pk": 5, "fields": {"title": "title", "name": "Bonus", "image": "Agent_Bonus/award_BssAJ3W.jpg", "ppoi": "0.5x0.5", "link": "https://www.adobe.com/in/creativecloud.html?gclid=Cj0KCQjwteOaBhDuARIsADBqReiEgrBcsTgV_F-Vl74Qu5eDwBN8cVjBgVAEZz7svIkUkLLiLB_3M8YaAoAoEALw_wcB&sdid=SL4KMHQ2&mv=search&ef_id=Cj0KCQjwteOaBhDuARIsADBqRei", "detail_link": "https://www.adobe.com/in/creativecloud.html?gclid=Cj0KCQjwteOaBhDuARIsADBqReiEgrBcsTgV_F-Vl74Qu5eDwBN8cVjBgVAEZz7svIkUkLLiLB_3M8YaAoAoEALw_wcB&sdid=SL4KMHQ2&mv=search&ef_id=Cj0KCQjwteOaBhDuARIsADBqRei"}}, {"model": "web.faq", "pk": 1, "fields": {"question": "demo", "answer": "Lorem Ipsum is simply dummy text of the printing and typesetting industry."}}, {"model": "web.faq", "pk": 2, "fields": {"question": "demo", "answer": "Lorem Ipsum is simply dummy text of the printing and typesetting industry."}}, {"model": "web.faq", "pk": 3, "fields": {"question": "demo", "answer": "Lorem Ipsum is simply dummy text of the printing and typesetting industry."}}, {"model": "web.faq", "pk": 4, "fields": {"question": "demo", "answer": "Lorem Ipsum is simply dummy text of the printing and typesetting industry."}}, {"model": "web.faq", "pk": 5, "fields": {"question": "demo", "answer": "Lorem Ipsum is simply dummy text of the printing and typesetting industry."}}, {"model": "web.subscription", "pk": 2, "fields": {"user": "USK07595", "amount": 1.0, "valid_from": "2022-12-27T04:08:22.738Z", "valid_upto": "2023-01-26T04:08:22.738Z", "status": "Success", "types": "Access", "provider_order_id": null, "payment_id": null, "signature_id": null, "is_notified": false}}, {"model": "web.subscription", "pk": 3, "fields": {"user": "USK05656", "amount": 1.0, "valid_from": "2022-12-27T05:38:02.400Z", "valid_upto": "2023-01-26T05:38:02.400Z", "status": "Success", "types": "Access", "provider_order_id": null, "payment_id": null, "signature_id": null, "is_notified": false}}, {"model": "web.subscription", "pk": 4, "fields": {"user": "USK07595", "amount": 500.0, "valid_from": "2022-12-27T12:43:24.415Z", "valid_upto": "2023-01-26T12:43:24.415Z", "status": "Pending", "types": null, "provider_order_id": "order_KwwFjUiOSPIrN7", "payment_id": null, "signature_id": null, "is_notified": false}}, {"model": "web.subscription", "pk": 5, "fields": {"user": "USK07595", "amount": 500.0, "valid_from": "2022-12-28T04:40:17.367Z", "valid_upto": "2023-01-27T04:40:17.367Z", "status": "Pending", "types": null, "provider_order_id": "order_KxCYWIFwkFCfzd", "payment_id": null, "signature_id": null, "is_notified": false}}, {"model": "web.subscription", "pk": 6, "fields": {"user": "USK07595", "amount": 500.0, "valid_from": "2022-12-28T04:41:32.481Z", "valid_upto": "2023-01-27T04:41:32.481Z", "status": "Pending", "types": null, "provider_order_id": "order_KxCZqHJeNP1lMh", "payment_id": null, "signature_id": null, "is_notified": false}}, {"model": "web.subscription", "pk": 7, "fields": {"user": "USK07595", "amount": 500.0, "valid_from": "2022-12-28T04:42:29.933Z", "valid_upto": "2023-01-27T04:42:29.933Z", "status": "Pending", "types": null, "provider_order_id": "order_KxCar0BuJ5ALH9", "payment_id": null, "signature_id": null, "is_notified": false}}, {"model": "web.subscription", "pk": 8, "fields": {"user": "USK07595", "amount": 500.0, "valid_from": "2022-12-28T04:42:30.808Z", "valid_upto": "2023-01-27T04:42:30.808Z", "status": "Pending", "types": null, "provider_order_id": "order_KxCarwxOhhiE02", "payment_id": null, "signature_id": null, "is_notified": false}}, {"model": "web.subscription", "pk": 9, "fields": {"user": "USK07595", "amount": 500.0, "valid_from": "2022-12-28T04:42:30.914Z", "valid_upto": "2023-01-27T04:42:30.914Z", "status": "Pending", "types": null, "provider_order_id": "order_KxCas4hve96Lsg", "payment_id": null, "signature_id": null, "is_notified": false}}, {"model": "web.subscription", "pk": 10, "fields": {"user": "USK07595", "amount": 500.0, "valid_from": "2022-12-28T04:42:31.107Z", "valid_upto": "2023-01-27T04:42:31.107Z", "status": "Pending", "types": null, "provider_order_id": "order_KxCasI0OPRmb8D", "payment_id": null, "signature_id": null, "is_notified": false}}, {"model": "web.subscription", "pk": 11, "fields": {"user": "USK07595", "amount": 500.0, "valid_from": "2022-12-28T04:42:31.335Z", "valid_upto": "2023-01-27T04:42:31.335Z", "status": "Pending", "types": null, "provider_order_id": "order_KxCasX5VzPL1cL", "payment_id": null, "signature_id": null, "is_notified": false}}, {"model": "web.subscription", "pk": 12, "fields": {"user": "USK07595", "amount": 500.0, "valid_from": "2022-12-28T04:42:31.551Z", "valid_upto": "2023-01-27T04:42:31.551Z", "status": "Pending", "types": null, "provider_order_id": "order_KxCasm3j06dOzi", "payment_id": null, "signature_id": null, "is_notified": false}}, {"model": "web.subscription", "pk": 13, "fields": {"user": "USK07595", "amount": 1.0, "valid_from": "2022-12-28T04:44:36.115Z", "valid_upto": "2023-01-27T04:44:36.115Z", "status": "Pending", "types": null, "provider_order_id": "order_KxCd4k7QFmiq0d", "payment_id": null, "signature_id": null, "is_notified": false}}, {"model": "web.subscription", "pk": 14, "fields": {"user": "USK07595", "amount": 1.0, "valid_from": "2022-12-28T04:51:41.679Z", "valid_upto": "2023-01-27T04:51:41.679Z", "status": "Pending", "types": null, "provider_order_id": "order_KxCkZGHqCsfVkj", "payment_id": null, "signature_id": null, "is_notified": false}}, {"model": "web.subscription", "pk": 15, "fields": {"user": "USK07595", "amount": 1.0, "valid_from": "2022-12-28T04:57:32.035Z", "valid_upto": "2023-01-27T04:57:32.035Z", "status": "Pending", "types": null, "provider_order_id": "order_KxCqjgIOsq0Vp5", "payment_id": null, "signature_id": null, "is_notified": false}}, {"model": "web.subscription", "pk": 16, "fields": {"user": "USK07595", "amount": 1.0, "valid_from": "2022-12-28T04:58:07.648Z", "valid_upto": "2023-01-27T04:58:07.648Z", "status": "Pending", "types": null, "provider_order_id": "order_KxCrMZEtRiKRTJ", "payment_id": null, "signature_id": null, "is_notified": false}}, {"model": "web.subscription", "pk": 17, "fields": {"user": "USK07595", "amount": 1.0, "valid_from": "2022-12-28T04:58:07.847Z", "valid_upto": "2023-01-27T04:58:07.847Z", "status": "Pending", "types": null, "provider_order_id": "order_KxCrMmi240zvbl", "payment_id": null, "signature_id": null, "is_notified": false}}, {"model": "web.subscription", "pk": 18, "fields": {"user": "USK07595", "amount": 1.0, "valid_from": "2022-12-28T04:58:09.362Z", "valid_upto": "2023-01-27T04:58:09.362Z", "status": "Pending", "types": null, "provider_order_id": "order_KxCrON5uT98UT2", "payment_id": null, "signature_id": null, "is_notified": false}}, {"model": "web.subscription", "pk": 19, "fields": {"user": "USK07595", "amount": 1.0, "valid_from": "2022-12-28T04:58:27.624Z", "valid_upto": "2023-01-27T04:58:27.624Z", "status": "Pending", "types": null, "provider_order_id": "order_KxCriMXHMfQnLj", "payment_id": null, "signature_id": null, "is_notified": false}}, {"model": "web.subscription", "pk": 20, "fields": {"user": "USK07595", "amount": 1.0, "valid_from": "2022-12-28T04:58:27.628Z", "valid_upto": "2023-01-27T04:58:27.628Z", "status": "Pending", "types": null, "provider_order_id": "order_KxCriNJRTcIkoH", "payment_id": null, "signature_id": null, "is_notified": false}}, {"model": "web.subscription", "pk": 21, "fields": {"user": "USK07595", "amount": 1.0, "valid_from": "2022-12-28T04:58:27.630Z", "valid_upto": "2023-01-27T04:58:27.630Z", "status": "Pending", "types": null, "provider_order_id": "order_KxCriN1xNlwuDa", "payment_id": null, "signature_id": null, "is_notified": false}}, {"model": "web.subscription", "pk": 22, "fields": {"user": "USK07595", "amount": 1.0, "valid_from": "2022-12-28T04:58:27.654Z", "valid_upto": "2023-01-27T04:58:27.654Z", "status": "Pending", "types": null, "provider_order_id": "order_KxCriOmXTmsnMe", "payment_id": null, "signature_id": null, "is_notified": false}}, {"model": "web.subscription", "pk": 23, "fields": {"user": "USK07595", "amount": 1.0, "valid_from": "2022-12-28T04:58:27.663Z", "valid_upto": "2023-01-27T04:58:27.663Z", "status": "Pending", "types": null, "provider_order_id": "order_KxCriPf2ankfGA", "payment_id": null, "signature_id": null, "is_notified": false}}, {"model": "web.subscription", "pk": 24, "fields": {"user": "USK07595", "amount": 1.0, "valid_from": "2022-12-28T04:58:27.679Z", "valid_upto": "2023-01-27T04:58:27.679Z", "status": "Pending", "types": null, "provider_order_id": "order_KxCriPVvX4WZOa", "payment_id": null, "signature_id": null, "is_notified": false}}, {"model": "web.subscription", "pk": 25, "fields": {"user": "USK07595", "amount": 1.0, "valid_from": "2022-12-28T04:58:27.722Z", "valid_upto": "2023-01-27T04:58:27.722Z", "status": "Pending", "types": null, "provider_order_id": "order_KxCriSrHKdTfL0", "payment_id": null, "signature_id": null, "is_notified": false}}, {"model": "web.subscription", "pk": 26, "fields": {"user": "USK07595", "amount": 1.0, "valid_from": "2022-12-28T04:58:27.897Z", "valid_upto": "2023-01-27T04:58:27.897Z", "status": "Pending", "types": null, "provider_order_id": "order_KxCriezGUjn7Hd", "payment_id": null, "signature_id": null, "is_notified": false}}, {"model": "web.subscription", "pk": 27, "fields": {"user": "USK07595", "amount": 1.0, "valid_from": "2022-12-28T05:21:24.013Z", "valid_upto": "2023-01-27T05:21:24.013Z", "status": "Pending", "types": null, "provider_order_id": "order_KxDFwjNDZNsiQs", "payment_id": null, "signature_id": null, "is_notified": false}}, {"model": "web.subscription", "pk": 28, "fields": {"user": "USK07595", "amount": 1.0, "valid_from": "2022-12-28T05:44:55.511Z", "valid_upto": "2023-01-27T05:44:55.511Z", "status": "Success", "types": null, "provider_order_id": "order_KxDenSk0IXyEBd", "payment_id": "pay_KxDfjB4PvXNPqs", "signature_id": "9b342c1f4c3aa83b46bb0e3d10ae2a6a9774982d3dacd355ee3ed9faa2fea4a6", "is_notified": false}}, {"model": "web.subscription", "pk": 29, "fields": {"user": "USK07595", "amount": 1.0, "valid_from": "2022-12-28T05:45:54.784Z", "valid_upto": "2023-01-27T05:45:54.784Z", "status": "Success", "types": "Support", "provider_order_id": null, "payment_id": null, "signature_id": null, "is_notified": false}}, {"model": "web.subscription", "pk": 30, "fields": {"user": "USK07595", "amount": 500.0, "valid_from": "2022-12-28T05:47:57.282Z", "valid_upto": "2023-01-27T05:47:57.282Z", "status": "Pending", "types": null, "provider_order_id": "order_KxDhzrbda4N5RO", "payment_id": null, "signature_id": null, "is_notified": false}}, {"model": "web.subscription", "pk": 31, "fields": {"user": "USK07595", "amount": 500.0, "valid_from": "2022-12-28T05:48:13.326Z", "valid_upto": "2023-01-27T05:48:13.326Z", "status": "Pending", "types": null, "provider_order_id": "order_KxDiHOCQwZtWQO", "payment_id": null, "signature_id": null, "is_notified": false}}, {"model": "web.subscription", "pk": 32, "fields": {"user": "USK07595", "amount": 500.0, "valid_from": "2022-12-28T05:48:13.440Z", "valid_upto": "2023-01-27T05:48:13.440Z", "status": "Pending", "types": null, "provider_order_id": "order_KxDiHW57pFMRCQ", "payment_id": null, "signature_id": null, "is_notified": false}}, {"model": "web.subscription", "pk": 33, "fields": {"user": "USK07595", "amount": 500.0, "valid_from": "2022-12-28T05:48:20.157Z", "valid_upto": "2023-01-27T05:48:20.157Z", "status": "Pending", "types": null, "provider_order_id": "order_KxDiOmQ8WNnz6y", "payment_id": null, "signature_id": null, "is_notified": false}}, {"model": "web.subscription", "pk": 34, "fields": {"user": "USK09417", "amount": 1.0, "valid_from": "2022-12-28T12:43:32.638Z", "valid_upto": "2023-01-27T12:43:32.638Z", "status": "Success", "types": "Access", "provider_order_id": null, "payment_id": null, "signature_id": null, "is_notified": false}}, {"model": "web.addonservices", "pk": 1, "fields": {"name": "Add on Service", "image": "Agent_Bonus/service1_mtdtHeA.webp", "ppoi": "0.5x0.5", "link": "https://www.adobe.com/in/creativecloud.html?gclid=Cj0KCQjwteOaBhDuARIsADBqReiEgrBcsTgV_F-Vl74Qu5eDwBN8cVjBgVAEZz7svIkUkLLiLB_3M8YaAoAoEALw_wcB&sdid=SL4KMHQ2&mv=search&ef_id=Cj0KCQjwteOaBhDuARIsADBqRei", "detail_link": "https://www.adobe.com/in/creativecloud.html?gclid=Cj0KCQjwteOaBhDuARIsADBqReiEgrBcsTgV_F-Vl74Qu5eDwBN8cVjBgVAEZz7svIkUkLLiLB_3M8YaAoAoEALw_wcB&sdid=SL4KMHQ2&mv=search&ef_id=Cj0KCQjwteOaBhDuARIsADBqRei"}}, {"model": "web.addonservices", "pk": 2, "fields": {"name": "Add on Service", "image": "Agent_Bonus/service1_06e4kww.webp", "ppoi": "0.5x0.5", "link": "https://www.adobe.com/in/creativecloud.html?gclid=Cj0KCQjwteOaBhDuARIsADBqReiEgrBcsTgV_F-Vl74Qu5eDwBN8cVjBgVAEZz7svIkUkLLiLB_3M8YaAoAoEALw_wcB&sdid=SL4KMHQ2&mv=search&ef_id=Cj0KCQjwteOaBhDuARIsADBqRei", "detail_link": "https://www.adobe.com/in/creativecloud.html?gclid=Cj0KCQjwteOaBhDuARIsADBqReiEgrBcsTgV_F-Vl74Qu5eDwBN8cVjBgVAEZz7svIkUkLLiLB_3M8YaAoAoEALw_wcB&sdid=SL4KMHQ2&mv=search&ef_id=Cj0KCQjwteOaBhDuARIsADBqRei"}}, {"model": "web.addonservices", "pk": 3, "fields": {"name": "Add on Service", "image": "Agent_Bonus/service1_6Sxg8vi.webp", "ppoi": "0.5x0.5", "link": "https://www.adobe.com/in/creativecloud.html?gclid=Cj0KCQjwteOaBhDuARIsADBqReiEgrBcsTgV_F-Vl74Qu5eDwBN8cVjBgVAEZz7svIkUkLLiLB_3M8YaAoAoEALw_wcB&sdid=SL4KMHQ2&mv=search&ef_id=Cj0KCQjwteOaBhDuARIsADBqRei", "detail_link": "https://www.adobe.com/in/creativecloud.html?gclid=Cj0KCQjwteOaBhDuARIsADBqReiEgrBcsTgV_F-Vl74Qu5eDwBN8cVjBgVAEZz7svIkUkLLiLB_3M8YaAoAoEALw_wcB&sdid=SL4KMHQ2&mv=search&ef_id=Cj0KCQjwteOaBhDuARIsADBqRei"}}, {"model": "web.addonservices", "pk": 4, "fields": {"name": "Add on Service", "image": "Agent_Bonus/service1_7t7GF1o.webp", "ppoi": "0.5x0.5", "link": "https://www.adobe.com/in/creativecloud.html?gclid=Cj0KCQjwteOaBhDuARIsADBqReiEgrBcsTgV_F-Vl74Qu5eDwBN8cVjBgVAEZz7svIkUkLLiLB_3M8YaAoAoEALw_wcB&sdid=SL4KMHQ2&mv=search&ef_id=Cj0KCQjwteOaBhDuARIsADBqRei", "detail_link": "https://www.adobe.com/in/creativecloud.html?gclid=Cj0KCQjwteOaBhDuARIsADBqReiEgrBcsTgV_F-Vl74Qu5eDwBN8cVjBgVAEZz7svIkUkLLiLB_3M8YaAoAoEALw_wcB&sdid=SL4KMHQ2&mv=search&ef_id=Cj0KCQjwteOaBhDuARIsADBqRei"}}, {"model": "web.addonservices", "pk": 5, "fields": {"name": "Add on Service", "image": "Agent_Bonus/service1_Dfta3RK.webp", "ppoi": "0.5x0.5", "link": "https://www.adobe.com/in/creativecloud.html?gclid=Cj0KCQjwteOaBhDuARIsADBqReiEgrBcsTgV_F-Vl74Qu5eDwBN8cVjBgVAEZz7svIkUkLLiLB_3M8YaAoAoEALw_wcB&sdid=SL4KMHQ2&mv=search&ef_id=Cj0KCQjwteOaBhDuARIsADBqRei", "detail_link": "https://www.adobe.com/in/creativecloud.html?gclid=Cj0KCQjwteOaBhDuARIsADBqReiEgrBcsTgV_F-Vl74Qu5eDwBN8cVjBgVAEZz7svIkUkLLiLB_3M8YaAoAoEALw_wcB&sdid=SL4KMHQ2&mv=search&ef_id=Cj0KCQjwteOaBhDuARIsADBqRei"}}, {"model": "web.onloadpopup", "pk": 1, "fields": {"title": "COMING SOON", "image": "Onload_Popup/USK_Login_Launching_soon__Post.jpg", "ppoi": "0.5x0.5"}}, {"model": "invoices.customer", "pk": 6, "fields": {"created_by": "USK07595", "name": "Joseph Hewitt", "email": "homaqyfaca@mailinator.com", "phone_no": "9544392163", "address": "Possimus laborum Dolores aliquip sed ipsum repudiandae cillum deserunt magnam ea odit optio exce", "created_date": "2022-12-29T08:41:08.777Z"}}, {"model": "invoices.customer", "pk": 7, "fields": {"created_by": "USK07595", "name": "Josephine Dillard", "email": "potaqudyky@mailinator.com", "phone_no": "9366853018", "address": "Libero facilis dolores molestiae ad nulla pariatur Eu laudantium sed possimus culpa", "created_date": "2022-12-29T08:42:24.501Z"}}, {"model": "services.serviceheads", "pk": 13, "fields": {"title": "UTILITY PAYMENTS", "slug": "utility-payments"}}, {"model": "services.serviceheads", "pk": 14, "fields": {"title": "VILLAGE SERVICES", "slug": "village-services"}}, {"model": "services.serviceheads", "pk": 15, "fields": {"title": "PANCHAYAT SERVICES", "slug": "panchayat-services"}}, {"model": "services.serviceheads", "pk": 16, "fields": {"title": "TAX RELATED SERVICES", "slug": "tax-related-services"}}, {"model": "services.serviceheads", "pk": 17, "fields": {"title": "PRAVASI SERVICES", "slug": "pravasi-services"}}, {"model": "services.serviceheads", "pk": 18, "fields": {"title": "TRAVEL SERVICES", "slug": "travel-services"}}, {"model": "services.serviceheads", "pk": 19, "fields": {"title": "STUDENTS RELATED SERVICES", "slug": "students-related-services"}}, {"model": "services.serviceheads", "pk": 20, "fields": {"title": "AGENCY SERVICES", "slug": "agency-services"}}, {"model": "services.serviceheads", "pk": 21, "fields": {"title": "BUSINESS RELATED SERVICES", "slug": "Business-related-services"}}, {"model": "services.serviceheads", "pk": 22, "fields": {"title": "JOB RELATED SERVICES", "slug": "job-related-services"}}, {"model": "services.serviceheads", "pk": 23, "fields": {"title": "MOTOR VEHICLE SERVICES", "slug": "motor-vehicle-services"}}, {"model": "services.serviceheads", "pk": 24, "fields": {"title": "OTHER SERVICES", "slug": "other-services"}}, {"model": "services.services", "pk": 9, "fields": {"service_head": 14, "title": "CASTE CERTIFICATE", "image": "service/CASTE_CERTIFICATE.png", "ppoi": "0.5x0.5", "link_to_official_website": "https://edistrict.kerala.gov.in/", "about_service": "<p dir=\"ltr\">          .          .</p>\r\n<div>&nbsp;</div>", "requirements": "<ul style=\"font-weight: 400;\">\r\n<li>Ration card Number</li>\r\n<li>School Certificate</li>\r\n<li>Affidavit</li>\r\n<li>Caste Related Other Documents</li>\r\n</ul>\r\n<p>( PDF Format  Maximum 100 kb )</p>", "service_charge": "10-20", "actual_service_charge": "20-50", "video_tutorial": "https://www.esevakan.com/2022/12/how-to-apply-caste-certificate-kerala.html", "guidline": "https://www.esevakan.com/2022/12/how-to-apply-caste-certificate-kerala.html", "upload_form": "https://www.esevakan.com/2022/12/how-to-apply-caste-certificate-kerala.html", "slug": "caste-certificate"}}, {"model": "services.services", "pk": 10, "fields": {"service_head": 14, "title": "COMMUNITY CERTIFICATE", "image": "service/community_certificate.png", "ppoi": "0.5x0.5", "link_to_official_website": "https://www.esevakan.com/2022/12/how-to-apply-community-certificate_94.html", "about_service": "<p>         ,      '', '',     .  -           .</p>", "requirements": "<ul>\r\n<li>Application in prescribed format</li>\r\n<li>Court fee stamp of Rs.5 on application form (except SC/ST)</li>\r\n<li>Ration card</li>\r\n<li>SSLC Certificate</li>\r\n<li>Electoral ID Card/Photo ID Card</li>\r\n</ul>", "service_charge": "35", "actual_service_charge": "35-50", "video_tutorial": "https://www.esevakan.com/2022/12/how-to-apply-community-certificate_94.html", "guidline": "https://www.esevakan.com/2022/12/how-to-apply-community-certificate_94.html", "upload_form": "https://www.esevakan.com/2022/12/how-to-apply-community-certificate_94.html", "slug": "community-certificate"}}, {"model": "services.brandingimage", "pk": 1, "fields": {"user": "USK07595", "image": "service/WhatsApp_Image_2022-11-28_at_10.24.05_PM_agFKELN.jpeg", "is_verified": false}}, {"model": "services.brandingimage", "pk": 4, "fields": {"user": "USK09417", "image": "service/BRAND_IMAGE_h7fB46z.png", "is_verified": false}}, {"model": "accounts.user", "pk": "USK01517", "fields": {"password": "pbkdf2_sha256$390000$3isg2wE03V4dKcldWBwrDU$tH3cnE9pBMJRo8vjVAEDUFpN01c+okwCISq/Y/H6gFw=", "last_login": "2022-12-28T13:07:20.219Z", "is_superuser": false, "username": "9895424200", "first_name": "", "last_name": "", "is_staff": false, "is_active": true, "date_joined": "2022-12-26T05:50:11.304Z", "phone": "9895424200", "created": "2022-12-26", "name": "SHAMSAD P K", "email": "spkkdr@gmail.com", "shop_name": "Upaboktha Sevana Kendram", "shop_address": "PICHEN KUNNASSERY HOUSE", "district": "malappuram", "pincode": "676504", "profile_image": "", "category": "CSC(DIGITAL INDIA)", "groups": [], "user_permissions": []}}, {"model": "accounts.user", "pk": "USK02952", "fields": {"password": "pbkdf2_sha256$390000$MOhtJ5pjxs9pWJmAtNun04$udxvzj4v1Xdx+HjtjlryeSSfwoezMTYDr6af4iVYDBQ=", "last_login": "2022-12-27T13:41:39.409Z", "is_superuser": false, "username": "8714155634", "first_name": "", "last_name": "", "is_staff": false, "is_active": true, "date_joined": "2022-12-27T13:34:31.674Z", "phone": "8714155634", "created": "2022-12-27", "name": "mohammed sanu shifan k", "email": "sanukarat6@gmail.com", "shop_name": "usk login", "shop_address": "pearl building 18/549 cherattukuzhi road down hill malappuram", "district": "malappuram", "pincode": "676504", "profile_image": "", "category": "TRAVELS", "groups": [], "user_permissions": []}}, {"model": "accounts.user", "pk": "USK05315", "fields": {"password": "pbkdf2_sha256$390000$NBZ35dEzQzbVJE4L0bnLxi$gkMbZDwtEXC5mDbSnSM0+5MFGWaFD//JJYau7LR3Mwk=", "last_login": "2022-12-27T13:56:58.493Z", "is_superuser": false, "username": "9846476446", "first_name": "", "last_name": "", "is_staff": false, "is_active": true, "date_joined": "2022-12-27T13:56:42.519Z", "phone": "9846476446", "created": "2022-12-27", "name": "MOHAMED NASIF", "email": "sanukarat6@gmail.com", "shop_name": "Danube mobile shop", "shop_address": "kp tower kottapadi malappuram", "district": "malappuram", "pincode": "676504", "profile_image": "", "category": "MOBILE SHOP", "groups": [], "user_permissions": []}}, {"model": "accounts.user", "pk": "USK05480", "fields": {"password": "pbkdf2_sha256$390000$Gb7OZtvpmAMJoU3k97n08p$r5UhtQUpClctaMqlNXi3ckStWnDtRJR3R1HIB9gVmlQ=", "last_login": "2022-12-27T09:11:41.111Z", "is_superuser": false, "username": "9544392163", "first_name": "", "last_name": "", "is_staff": false, "is_active": true, "date_joined": "2022-12-27T09:11:23.642Z", "phone": "9544392163", "created": "2022-12-27", "name": "Zephania Morales", "email": "nijebesi@mailinator.com", "shop_name": "Candice Briggs", "shop_address": "Facilis omnis provid", "district": "Sunt consequat Debitis recusandae Iure", "pincode": "Facere rerum eligendi accusamus nemo amet et maiores ipsum qui excepturi quis", "profile_image": "", "category": "ONLINE SERVICE CENTER", "groups": [], "user_permissions": []}}, {"model": "accounts.user", "pk": "USK05494", "fields": {"password": "pbkdf2_sha256$390000$l3RKzO7dKjh3kdjspqM1Fb$iJq4gFcQSpmP1uiHEvAILfp4R+8wmpfCZ+NwYkCmD94=", "last_login": "2022-12-22T07:32:40.184Z", "is_superuser": false, "username": "9895676161", "first_name": "", "last_name": "", "is_staff": false, "is_active": true, "date_joined": "2022-12-22T07:32:13.246Z", "phone": "9895676161", "created": "2022-12-22", "name": "Shamnad", "email": "SHAMNADPRO@gmail.com", "shop_name": "Test", "shop_address": "Malappuram - Manjeri Rd", "district": "Malappuram", "pincode": "676505", "profile_image": "", "category": "OTHERS", "groups": [], "user_permissions": []}}, {"model": "accounts.user", "pk": "USK05656", "fields": {"password": "pbkdf2_sha256$390000$jKs7GZL1RqcvOuceraVOBM$Pt724D8UdkG0DyZaolI4A+eCqP9/qdun5ylX/s3k80A=", "last_login": "2022-12-29T10:42:08.096Z", "is_superuser": true, "username": "admin", "first_name": "", "last_name": "", "is_staff": true, "is_active": true, "date_joined": "2022-12-22T06:40:27.511Z", "phone": "", "created": "2022-12-22", "name": "", "email": "admin@gmail.com", "shop_name": "", "shop_address": "", "district": "", "pincode": "", "profile_image": "", "category": "", "groups": [], "user_permissions": []}}, {"model": "accounts.user", "pk": "USK07595", "fields": {"password": "pbkdf2_sha256$390000$paVQxKqnC9KY7vi0CAWtkQ$hnRtmVcBRR+n75WyIEgA036ogKWCBSMEhrsMtHTcFp8=", "last_login": "2022-12-29T08:06:12.114Z", "is_superuser": false, "username": "9539438918", "first_name": "", "last_name": "", "is_staff": false, "is_active": true, "date_joined": "2022-12-22T06:41:50.676Z", "phone": "9539438918", "created": "2022-12-22", "name": "Swathi Suresh M K", "email": "swathikunju115@gmail.com", "shop_name": "Evangeline", "shop_address": "Tempora temporibus", "district": "Kozhikode", "pincode": "673571", "profile_image": "Profile/deit-logo-csc-e-governance-services-india-ltd-11562895149naynolmys0.png", "category": "OTHERS", "groups": [], "user_permissions": []}}, {"model": "accounts.user", "pk": "USK09417", "fields": {"password": "pbkdf2_sha256$390000$zjG9bolnLKdAvhi2b0AC4f$JnFcCfF2d5KNs0rKId2OIL15vJ+eaLaIHBMR6GhkwmE=", "last_login": "2022-12-29T09:14:05.981Z", "is_superuser": false, "username": "7306502050", "first_name": "", "last_name": "", "is_staff": false, "is_active": true, "date_joined": "2022-12-27T13:38:41.876Z", "phone": "7306502050", "created": "2022-12-27", "name": "SHAMNAD PK", "email": "loginusk@gmail.com", "shop_name": "USK login", "shop_address": "MALAPPURAM", "district": "MALPPURAM", "pincode": "676505", "profile_image": "", "category": "ONLINE SERVICE CENTER", "groups": [], "user_permissions": []}}]